full_text,username
@aplirani jujur bingung jg bun tapi untuk tipe yg hampir sama yongma lebih bagus sih walaupun kalo udh tahunan nasinya juga suka kuning dan rada bau wqwq. tapi barusan aku beli miyako kalo banyak duit bisa dicoba zojirushi https://t.co/9xfJKrzi5r,karinadyaa
@GeniusChad Kitchen aid LG Samsung Zojirushi True,pancakeliberty
Inilah Rekomendasi 5 Zojirushi Water Bottle Terbaik 2024 Mampu Mempertahankan Suhu Air Hingga 24 Jam - Radar Sampit - Radar Sampit https://t.co/5ZtQsJYOGu,FilterAirJKT
@bliblidotcom Warna vacuum tumbler Zojirushi fav ku adalah A. Terracotta warna merah coklat keren. #JawabDuluAja,Disco_time
Pilih 1 warna vacuum tumbler Zojirushi fav kamu~ A. Terracotta B. Pale White C. Ash Green D. Stone Gray E. Sand Beige aku sih tim stone gray cakep bener! #JawabDuluAja https://t.co/aOFyqY7iRx,bliblidotcom
@eva_lequeen @MangInasalPH Dapat Rinnai or Zojirushi!,cantstopMTG
Kalau hadiahnya bukan mejikom Zojirushi aku ndak mau ‍↔️,widyarinindah
Tapi kalau dikasih zojirushi juga ga nolak,firdakuy
@Rachewnah Okkk kalo mau lebih ok lagi zojirushi tapi harganya awokawok,Ukhthicc_
Emg namanya cookware tuh harga = kualitas. Mau stainless bagus kokoh MUAHAL. Tp ga kaleng2 bisa tahan taunan. Sama aja ky rice cooker si Zojirushi gendeng harganya. Tp reviewnya yg udah pake bisa sampe 10 taun ga pernah rusak nasi bagus ga bau ga akan basi ,speeenach
@FOODFESS2 cuckoo sama zojirushi awet dan ada musiknya klo mateng nasinya,levyzhang
si ngaku2 middle class tp magic comnya zojirushi,ayuhertyas
Ga jdi ih manifestasi Aku kaya aku kaya aku kayaaaaaa Pengen beli rice cooker nya zojirushi,blobbblue
jadi inget orang bikin konten how to live as middle class in jakarta trus pake rice cooker zojirushi langsung dihujat habis2an... pls sadar range 'middle class' di jakarta dan indonesia itu GEDE BANGET ga semua orang yg hidupnya di atas lo itu langsung CRAZY RICH ya anjir,zwolftenaugust
@txtfrombrand sorry corkcicle~ tapi emg corkcicle cmn menang di designnya..secara kualitas zojirushi is the winner~,Kleelovers
@txtfrombrand gw bandingin ya corkcicle sama zojirushi harga kurang lebih sama tapi.. lebih tahan lama menahan panas dan dingin zojirushi..zojirushi merk jepang..ga perlu ragu sih merk jepang..pasti bagus..harganya mahal cuman ya worth it sesuai dengan kualitasnya,Kleelovers
@reallllequus btw zojirushi gang! ,AlopXIV
Starlight tumbler Temukan Zojirushi SM-SG48 GJ Vacuum Mug Botol Minum Termos - 480mL [Green] seharga Rp720.900. Dapatkan sekarang juga di Shopee! https://t.co/Lipr2rbDgY,Ln1885
@nucciocameo27 @panggilnayyyy Coba Zojirushi deh pricey tapi es batunya tahan 24 jam️,dianyusnita23
@bee2991 Saranku stay di merk yang ahli di rice cooker. Ibukku ngide pake Phillips kocak banget Atau kalo mau go all out Zojirushi ,Y4_sayang
gusy review rice cooker zojirushi dong yang pernah pake (ada sparepart potnya gk pembersihannya susah gk buildnya ok gk) ,cakalang2021
Apapun berasnya masaknya di Rice Cooker Zojirushi~ Nasi merah aja jadi enak banget nih~ https://t.co/2qAfEhh3mX #BlibliPEL #UltahBlibli13th https://t.co/jjxyRRbAoi,bliblidotcom
@finifino tidak akan pernah bosan merekomendasikan ZOJIRUSHI!!,svtnntr
Girl math ala Blimin daripada mikir hitung-hitungan ribet cek Zojirushi yg pasti oke aja nih cepettt https://t.co/M5n9SICnWm #BlibliPEL #UltahBlibli13th https://t.co/KK7unApc9P,bliblidotcom
ingin ricecooker zojirushi tapi buat apaaa ,nailyjihan
Bukan unpopular opinion tapi keputusan yang rasional adalah mendahulukan beli Zojirushi lunch jar dibanding beli Owala Hydroflask etc wqwq Stainless steel tumblr kita pake yg gratisan aja dulss ,evaulisiana
@appIerli @alfarkive Aku pake zojirushi lengket kak,wo_nahe
@sakuraaxxi ohh merknya zojirushi tp harganya ga masuk budget. tp kata org bagus dan awet bgt,ducklykey
salah satu penyesalan beli rice cooker tipe ini karena hanya liat aesthetic nya aja ada rezeki mesti co zojirushi ,yourhazelchoco
@rememorari aku tim kukus daripada microwave jadi kayanya ku prefer Zojirushi jadi bisa sekalian masak banyak jenis recipe,tomimasen
Zojirushi NW-QAQ10 Rice Cooker Micom Induction Series - 1 liter [Hitam] di Blibli lagi diskon 34% harganya jadi Rp6.500.000! https://t.co/hSHGE4uiPP,setianiary_
@FOODFESS2 harus pake zojirushi rice cooker wkwk,wealthybabies
@FOODFESS2 Klo yg mahal kyk Zojirushi sih ga bakal lengket ,hamabemnm
Wow Zojirushi mahal yaaaa Baru tau akutu,X_kurus
@FOODFESS2 Aku pake zojirushi ga nempel nder,Ayaco_me
wl ku muncul satu lagi: rice cooker zojirushi ,trinkethunter
Pgn ganti ricecooker zojirushi tp mahal faaaaak,_hirukpikuk_
Orang indonesia nih kaya-kaya yahhh. Zojirushi tuh di jepanv mahal loooh aku ga rela 60ribu yen ku kandas buat rice cooker ,ellguma
@FOODFESS2 pake ZOJIRUSHI atau CUCKOO RICE COOKER DIJAMIN TANPA LEMGKET DAN SEDIKIT MENGURAS ISI DOMPET tapi sebgaus itu si awet bbt kalo zojirushi kalo Cuckoo sejauh ini aman,gwynethpalthow
Kalo aku kaya nanti aku mau beli rice cooker zojirushi ,blessedchoke
teman2 boleh minta rekom rice cooker/magic com digital gitu yang awet ga lengket kapasitas 2L budget 1jt (skip zojirushi) makasih ,riesiteng
@FOODFESS2 Mamaku pake rice cooker dr jepang bukan zojirushi ada merk lain dibawahnya tp awet bgt nasi smpe 3 hari dan ga berkerak,sunberiy
@FOODFESS2 Pake merek zojirushi sih. Mahal emg tapi kualitasnya emg bagus bgt. Aku jg pake yg philip tpi gk sebagus zojirushi. Biasanya tuh pas nasinya dh jadi jgn lgsg buka &amp; diaduk. Diemin dlu 10-15 mnt baru diaduk nasinya. Sllu gtu sih caraku dn gk lengket nasinya,25akunbaca
@FOODFESS2 Beli Zojirushi ini GOAT. Otherwise pake merk lain tapi jangan cuci beras di bowlnya lama2 kikis lapisan non-sticknya. pake wadah lain buat cuci baru pindah ke bowl rice cooker.,kev_soleil
Kalo sama seungcheol minta zojirushi wkwk,minwonpayroll
@3angelinazee @mrsDBE Iyaa baiknya ganti pakai yg stainless steel kak. Aku pakai merek Sanken so far enak dibersihinnya gampang. Sayangnya ngga digital aja. Cari magicom yg bahan stainless steel digital dan uk di bawah 1lt itu susah bgt. Kalau uk kecil banyakan ceramic coating kayak punya Zojirushi,carameloki
YaAllah semoga bulan depan kebeli lunch jar zojirushi ,kerjanyasambat
@mengskuyy Wkwkwkwk rice cooker Zojirushi. Mau bgt! Tau2nya jd rice cooker Cosmos yg mini ,rdwnfrmnsyh
@AdrianAlfarisy @Handarb @unobella wkwkw gatau gue rice cooker kan gue pake kado zojirushi lu pada lagi mang nugget bisa direbus?,gumilardoo
@454haz Riil kah zojirushi bagus min??,hmyslf
Udah tau belum kalau di ShopeeFood beli makanan bisa dapetin banyak hadiah lho!: Wuling Air EV PS5 Dell Vostro Rice cooker Zojirushi Emas Antam 1GR Langsung cek aja ShopeeFood kamu dan selesaiin misinya! ,shopeefood_id
@danicdanic Dan jastip zojirushi kurang ajar ga,guavander
Beli rice cooker philips udah 2 tahun akhirnya nasi cepat basi dan menguning. Padahal sudah di deep clean Mau nyari rice cooker pengganti bingung bgt mau beli apa. Apakah ini saatnya membeli zojirushi ,naninayninu
@dhee_dood @xopch Zojirushi kayaknya merk jepang,peanuttwentytwo
Masi heran nyokap bikin nasi pk rice cooker national yg umurnya dah 30 taunan rasanya enak banget. Gw sampe samain berasnya pake rice cooker zojirushi tetep enakan yg nyokap. Berasnya jembar bukan japonica tp fluffy pulen sticky mantulity ️,bloodymarriott
@beeeemooooo Momen ketika Zojirushi melakukan diversifikasi produk be like:,KueBoludarMusa
@imamer @oq_pli tolong masukin aku ke sirkel mama gigi dulu baru bisa beli zojirushi ,unyiilz
mesin cuci : electrolux samsung? masih nyoba rice cooker : ZOJIRUSHI (mahal bgt tp tidak diragukan keawetannya dan perfect bgt nasinya enak) Cuckoo (goood) miyako (awet bgt sampe jebol) setrikaan : Philips AC: Daikin LG,gwynethpalthow
Terus mimpinya aneh banget fragmented dan gw bisa ingat sampai sekarang. Kocak banget mimpi Playstation VR produk baru gitu mesinnya gede kayak rice cooker Zojirushi . Yang lebih kocak brand ambassadornya Matsujun . Harganya 35 juta ,rltoindh
@karinyoo Phillips reliable kok kak. Tapi emng Zojirushi gak ada tandingan sih Feature Phillips jg sdh mumpuni. Sekedar masak nasi doang plus pake timer decent kok Phillips tuh. Lebih dari cukup malah.,smoothcapybara
@karinyoo emgnya zojirushi kenapa kak? the best lho itu barang r/buyitforlife daripada nyesel settle for second best.,jbx_dev0
@NightyONyx Budgetku jg gak cukup buat zojirushi wkwkk,karinyoo
@karinyoo Philips yg ini aman bersihin dalemannya gampang. Zojirushi yg dipake Uncle Roger ya? @MrNigelNg,bareda
@karinyoo Gue pake model yang di bawahnya ini lumayan bisa quick cook juga buat nasi tapi pindah ke brand ini gegara zojirushi udah mahal banget ,NightyONyx
@karinyoo Ya luarnya mirip. Kayak Zojirushi KW super wakakakak. Tapi mereknya lebih okeeee,kurisetaru_
Guys akhirnya aku menyerah: Mau beli rice cooker akhirnya setelah 5 tahun di Australia masak nasi pake panci Pengen beli Phillips ini bagus gak ya? Atau Tefal? Ga ada Miyako di sini eaa Jangan nyaranin Zojirushi ya awas https://t.co/Q0gsk3kmBV,karinyoo
Mau banget bread maker zojirushi,sunsidecoast
DAN TUMBLER JEPANG GAJAH ZOJIRUSHI JOZIRUSHI APALAH ITU,wattoncewas
@ebruqoc @sadecesemanurr Zojirushi diyolla,Bilgelale
di era gempuran owala corkcicl dan stanley aku masih setia dengan zojirushi umur 12 tahun ‍,snbstories
???????????? bismillah zojirushi https://t.co/ho1IvjdRVg,toradansu
lelahnya meriang selama kuliah ini agaknya terbayarkan kalau dibelikan rice cooker zojirushi,arabureta
Rekomendasi barang elektronik di rumah 1. Mesin cuci - elecrrolix front loading https://t.co/ta2ERvrJWt 2. Setrika : phillips classic https://t.co/UOvpTK6F6Q 3. Rice cooker : zojirushi (gaada naai nempel dan bau) https://t.co/TXerIuAlE7,lo_myself7
Baru tau ada rice cooker zojirushi setelah mencuat topik produk rice cooker. ,fhmifu_
@timmymalachi Sama satu brand lg zojirushi jg segituan. ‍‍,Qweensolo
Apa itu Zojirushi? Mari menanak nasi dengan panci Tanpa dandang / kukusan. https://t.co/xKRcLt3MEx,silvesteReno
Kalo rice cooker kayaknya zojirushi ga ada yang ngalahin lah yaa,hellopandain
@iaabg_ Zojirushi kak coba lihat review-reviewnya,aigg000
tumbler zojirushi ini emg ga kaleng2 malem diisi air es besoknya masi dingin.. td pergi seharian jg masih dingin pol sampe ngilu dikit,shichijen
Tqm zojirushi,JohnVargasV
Salfok emaknya Jungpal tahun 88 udah pake Zojirushi kah.. nasinya bisa bersih gaada yg nempel,honeydukespop
Kalo nanti gw nikahan kadonya minta rice cooker zojirushi tuh keterlaluan gak sih wkwkwkwkwkwkwkek,callistungggg
Zojirushi kan bang @jokowi? L,ceterayadayada
@catuaries 85 miliar/zojirushi = gak sampe 20rb warga yg dpt ,MpokSauti
Zojirushi bukan?,catuaries
@bababatytyty Zojirushi jangan2,radhdindun
logikanya emang agak aneh si emon rice cooker Zojirushi seharga 4juta - mahal banget tiket konser yang cuma buat 3jam seharga 3 koma sekian juta - oke aku harus dapet VIP . hahaha. hadeh.,an_omjae
@SyedAkramin Jenama tiger n zojirushi pun kekal 12jam panas atau sejuk tahan lasak..harga mampu milik,meiji_tobbasai
Cita2 financial freedom yg menganggap barang zojirushi itu murah,indra_kencana
Liat liat rice cooker zojirushi gw kira 800 dapet ternyata 3 juta bjir,aie_ice_sha
@FOODFESS2 Top 1 merk zojirushi. Agak tengah cuckoo atau yongma. Dibawah sedikit cosmos.,holyinspiritbby
Ya Allaah mohon dilancarkan rejekinya pengen banget beli rice cooker Zojirushi warna pinkeu,gloomysky03
@convomfs Zojirushi sih.,croctongue
Sejauh ini belum ada nasi yg dijual di resto yang bisa mengalahkan nasi zojirushi gweh. Sekarang jadinya kuciwa mulu kalau makan nasi di luar,rakyatsekitar
Tandanya kudu beli zojirushi,catuaries
kalau masaknya pake zojirushi dan berasnya yang 18 5k/kg terus masih basi mungkin percaya. kalau masih pake cosmos biru putih 1 5L yang dalemnya nggak pernah di-deep clean dari semenjak dibeli setengah dekade lalu...ya...gimana ya awokwowk ,spicifettuccini
@istifh Mejikomnya tapi merek Zojirushi ,rdwnfrmnsyh
@adawiyahriwan Mejikom zojirushi bagus tp harganya hampir 4jt.. nangiss ,itsecondel
#NAME?,akugapapak
Zojirushi 17yuta soldout uda gilaaa ricecooker doang ituh,__ditsss
Review Zojirushi NS-TSQ10 XJ Rice Cooker Digital Tidak Hanya Sekedar Memasak Nasi https://t.co/CURkS8AGYB,tribunnews
@rolianireli Aku nasi itu sekarang nyetok freezer an terus di microwave rel Itu semua seri nya zojirushi?,whe_green
izul kepikiran zojirushi,kakgins
@rolianireli Iya ada white paper gitu compare 12 merk apa ya konsepnya ngebuang 'air tajin' dia. Zojirushi apa bagusnya rel?,whe_green
mengkaget melihat harga zojirushi rice cooker,Titaaulia
sedang membuat wishlist home appliances rekomen ️: mesin cuci : electrolux ac : daikin/mitshubishi rice cooker: zojirushi setrika : philips kulkas :lg/sharp tv : samsung,twt_ijah
Ya Allah pgn rice cooker Zojirushi ngeliat review nya bagus bagus bgt ️ tapi harganya mirip tiket konser VIP Badut banget kalo tiket konser langsung gas ngga pake mikir. https://t.co/kXYvY6ZZhm,cupofddaddu
: rice cooker kamu merk nya apa sayang? ; zojirushi langsung kena mental,spyderbliz
@eristakurnia lu kalo mau mulai koleksi tumbler2 fomo mending start dr zojirushi sih bund,agengnugroho
Nasinya tuh lengket antarbutirnya tapi still has a bite to it. Chewy ngga terlalu basah/kering dan yang terpenting beneran plain ngga manis jadi serves as a perfect canvas to the tuna selain berasnya good quality gw rasa mereka pake zojirushi sih wkwkwk,feuille_tine
@adawiyahriwan Adulting is baru aja tahu rice cooker merk zojirushi ,happysoul7890
Jangan ampe gue beli zojirushi gegara ni rc philip 1 error melulu,mrsrindang
Melihat harga zojirushi rice cooker ternyata saya belum sanggup ,ikhaps
@rgoestama Sama nih pak sebelumnya pake yang pilihan menunya banyak plus ada digitalnya kepake cuma buat masak nasi doang alhasil sekarang pake yang biasa. Pengen nyobain zojirushi konon katanya masterpiece apa daya se UMR harganya,oji91
@rgoestama Cba cek zojirushi pak,Cyclophostoxic
@Nabl_a Bil buat makanan berat bekel bojo w prefer pake zojirushi walaupun agak besar kaya rantang tapi awet panasnya mantap hahaha Tinggal bojo sabar-sabar aja bawa ke kantor dikira mau piknik pas buka bekel,afiafiafii
@catuaries Kalau Zojirushi masih kemahalan rekomendasi ke-2 coba pilih Cuckoo (merek Korea).,mmmeishka
@catuaries Zojirushi tipe apa aja sesuai budget. No debat. Nasi enak gak gampang buduk alatnya juga awet.,marissaputri
@addev412 @WildaMaulida Very worth to buy Semoga ada rejekinya kak untuk beli zojirushi aamiin ,sorizky06
@resthir Food prep dg perintilan zojirushi ,cicaffeine
@sczeve seteika: philips panasonic mesin cuci: Electrolux Beko rice cooker: philips (kl budget banyak) zojirushi AC: gree LG microwave: electrolux,finifino
@adawiyahriwan Zojirushi ga ada yang 1jtaan ya?,Inggapranata
sudah umbar-umbar ke mama mau belikan zojirushi lihat harganya shikshakshook... philips ajalah ya ,flwrsskkai
@catuaries Udah coba lebih dari 7 merek (kecuali yg digital eg. zojirushi dkk). Menurutku sesuaikan dulu sama kebutuhan: 1. Harus nyolok terus? atau apakah nasi harus hangat setiap makan? 2. Berapa org di rumah berapa kali makan berapa cup per hari? 3. Sependek apa persiapan makan?,yudhst
@aldechan Bukan zojirushi kan mom? ,thekittycuddler
@samnotyou I see I see tp Zojirushi ini bagus kan ya?? aku sering denger di rekomendasi soalnya,kitsuneeguuji
@catuaries Tentu saja impian umat manusya Zojirushi https://t.co/dVZzuhloPG,wattoncewas
@catuaries Bukan Zojirushi,shallypristine
Pas liat harga rice cooker Zojirushi &gt;4jtan ,bknkatewinslet
A5 Wagyu Tenmari Sushi By JMJ &amp; Zojirushi #JamyJamess #โซจิรูชิ #Zojirushi Cr. #ZojirushiThailand https://t.co/Dnuxpdm8hV,JMJFans
Tadi lewat di timeline ada yg bilang rice cooker zojirushi terbaik gada nasi sehelaipun yg lengket atau nasi basi &amp; bau. Lgsg cari shopee liet harganya aku dan dompetku senyum kecil aja HARGANYA 4 JUTAAA.. Mesin cuciku aja boleh diskonan hypermart pas beli dahlaaah,n1kud0n
kalo menurut suhu suhu perumahtanggaan: setrika: philips maspion mesin cuci: electrolux LG samsung rice cooker: zojirushi yongma philips kulkas: sharp AC: gree tapi tetep diliat speknya yak. kalo engga yaa sama aja. misal mesin cuci ambil LG tp yg dua tabung. ya kureng:(,hehehesti
@adawiyahriwan Zojirushi emg nga kaleng2 harganya aja 5jt an ,ginandriana1
@sczeve wishlist baruku adalah zojirushi,usernamejihan
Banyak review rice cooker terbaik itu merk zojirushi tapi harganya bikin istigfar,Nrarifaho
@adawiyahriwan Pas ke Jepang kmrn di resto gyudon pk termos refill air minum aja merk Zojirushi coba gw beli skalian rice cookernya disono y ,aTAEnna
TV: Sony tidak ada tandingan kalau mau real color &amp; suka main PS. AC: Daikin yang made in Thailand Rice Cooked: Zojirushi Air Fryer / Oven: Breville bisa baking jadi oven air fryer hangatin makanan roast dll Kulkas: Hitachi made in Japan,cmilvie
@adawiyahriwan Zojirushi tapi kan harganya tidak kaleng2 ,bee423end
Setelah cek zojirushi tau kenapa gaada nasi 1 helai nempel dan berkerak Well money talks tho,moanlngstar
@adawiyahriwan Rice cooker zojirushi mahal banget ya Rabbi seharga AC gue tp emng bikin naksir sih gmn y,rahmache
@adawiyahriwan Saya punya dua zojirushi mba satu yg small utk 2-3 org dan yg satu lagi yg gede made in japan.. ntah knp skrg nasi di yg kecil ini cepat basi.. sehari udh basi dan ber air dr bawah.. klau yg besar nya sih masih aman,YTmrs
yaAllah lancarkan rejekikuuuu aku mau rice cooker zojirushi jugaaa,taegerbby
@adawiyahriwan @vrafina zojirushi mu apa kabar,saynotovita2
@adawiyahriwan wahh baru denger ada merk rice cooker zojirushi,estechmanis
@tanyarlfes AC: Daikin thai Mesin cuci top load: LG Setrika: philips classic Blender mixer chopper: philips Ricecooker: panasonic ya kalo tajir ofc zojirushi TV: sony (semua yang layar2 kalo bisa sony) Kulkas: sharp Kompor: teka Dispenser: modena Microwave: sharp,angstydork
@adawiyahriwan Temen2 ada tidak yang dibawah zojirushi? Kebetulan rice cooker klo udah mateng harus dicabut kalo gak dia berkerak ga bisa dipanasin (dicolok lagi) yang ada cepet basi ,addev412
@adawiyahriwan Zojirushi itu ibarat ferrari ya untuk sebuah ricecooker...,sulaemanmy
Bismillahirrahmanirrahim kita usahakan zojirushi demi nasi yang tidak mubadzir itu,hadfisyhd
Kalau belum kuat beli Zojirushi coba beli yg stainless instead of yg anti-lengket. Punyaku Sanken 400-500 ribuan awet banget dari jaman awal nikah. Daripada pake anti lengket gores2.,maruppon
Ril pingin zojirushi tp masyaAllah harganya sy mah mending beli ipon atau ada yg lebi murah ya tp terakhir liat di sopi 10jt bjir padahal yg begitu semua punya di jp ,finasaadha
@famousoldpaint aku jd inget dulu ada yg bikin konten tiktok 'life as a middle class' sambil masak nasi pake zojirushi... tentu saja beliau dirujak berjamaah,satarajfry
@rdwnfrmnsyh Masama Kak. Semogaa rezekinya dapet Zojirushi jg ya hahah ️,piapaipiapai
apakah ku harus melirik zojirushi?? in hampir bgt beli yongma,nabfaza
Liat orang pake zojirushi pas kecil rasanya mirip kayak liat orang ke kantor naik mclaren pas udah gede,TitanRadiyan
Mesin cuci setrika sama AC udah sama Cuma rice cooker Zojirushi kan mehong ya Trus air purifier haha mending benerin rumah dulu aja deh,dcwydhaha
Gila zojirushi mah 3jtan,huggglp
@rurunih Ga banyak ampe bisa beli zojirushi tanpa bikin cashflow gonjang ganjing jugaa ,lumiayaka
@adawiyahriwan Riil zojirushi nasi 2 hari ga basi ga kering. ,ikapermatasari
@lumiayaka Nangis banget tau gitu kmrn duit buat kacamata kupake buat beli zojirushi ,rurunih
pengen beli kotak bekal zojirushi tapi mahalnya mashaAllah,destaniiia
Penasaran bgt sm Zojirushi ga ikhlas buat seonggok rice cooker hrs keluarin 4jt tp kalo secanggih itu kayaknya ok buat long term investment?!,kekeerj
Zojirushi my wl tp kmren blm jd beli cz biasa pake rice cooker 400rebon mau upgrade 4jt kok suayang akhire beli pilip digital 600rban tp malah jd kurang puas kadang bau nasinya klo kelamaan nyolok Setrika no debat sih pilip classic emg terbaik ,shuapasta
Zojirushi ini rice cooker andalannya uncle roger juga sepertinya memang bagus bgt,bestluckvien
Mesin cuci : LG lupa tipe apa tapi yg jadi 1 sama dryer Setrika: Philips all series Rice cooker : Zojirushi dijamin beras C4 rasanya bisa kayak beras jepang,icepluscoffeee
@adawiyahriwan Zojirushi pertama tau dari video Uncle Roger kirain ga nyampe sejuta lah ternyata mahal ,Astii24
@rdwnfrmnsyh Emang bagus bgt ini. Tp skrg yg di bawah ini jg ada yg mirip2 kak. Philips bakuhanseki iparku pake dan feelsnya mirip2 zojirushi jg.,piapaipiapai
Baru denger brand zojirushi *cek marketplace* Oh pantess ️,___hamsky
@adawiyahriwan beneran baru tau ada ricecooker zojirushi️,titisuryani
Me: Kebetulan bangett lagi pengen beliin ibu rice cooker nih Also me habis liat harga zojirushi: dah ah m*yako aja,monodoze
Zojirushi nasi ga bau tp dompet ku nanti yg bau ,sukakmatcha
Reviewer alat elektronik rumah tangga panutan saya malah bapack2 @Outstandjing wkwk. Walau akhirnya versi saya sih: - Mesin cuci: Electrolux front load - Setrika: Philips - Rice cooker: Zojirushi (gak se-satisfying rangorang tapi ajibnya masak beras basmati bisa pulen),shallypristine
Impian punya rice cooker zojirushi,ahsudahlahye
AC: Daikin. Paling adem &amp; awet. Lbh murah: Gree Rice cooker: zojirushi. Lbh murah: oxone/yongma jg ok Msn cuci: ELECTROLUX. Lbh murah: sharp (asumsi loadnya sama) Setrika: uda jrg pake krn uda ada dryer di rumah tp philips paling awet Kompor: Modena/Rinnai Cooker hood: Modena,AnnFeel6
@adawiyahriwan langsung nyari di shopee Zojirushi masyallah mahal uga,bebekback
Setuju ama zojirushi dan tahan lama. Rice cooker gw dah berumur 19thn qualitas masih ,etanastea
@adawiyahriwan zojirushi best tp mahal bgt ,nunataekoo
@sumomomomoo pengen Zojirushi tapi kok ternyata mehong juga,y_adi_krist
Zojirushi bener sih. Ga ada lawan ,tiarasanders07
@adawiyahriwan iseng2 cek harga zojirushi https://t.co/WyPMTodZ9i,bektigalan
@adawiyahriwan Tapi zojirushi mahal kk,noviankristanto
zojirushi tumblernya juga gak kalah sm tumbler2 piral lainnya,Dahlunt
@adawiyahriwan Harga rice cooker zojirushi mahal banget yah pantes nasi nya ga pernah basi ,ifberliana
@adawiyahriwan *tersentak melihat harga Zojirushi,ridhokhoe
Real. Aku rela melakukan apapun demi rice cooker Zojirushi,integritea_
@adawiyahriwan Zojirushi adalah wishlist,runniak
User zojirushi mau review dikit kalo pake rice cooker ini tuh masak nasi ga boleh mepet soalnya masaknya bisa 1 jam :') tapi jujur nasi ga pernah basi meskipun ditinggal nginep. Udah pemakaian 6 bulan &amp; I'm happy. Aku kemaren beli yang series ini: https://t.co/I7ksJTfq0k,rachelisias
tapi zojirushi harga sama kyk umr jakarta itu jg rice cooker yg standar..hiks kapan ya bisa beli zojirushi itu pengen dah...,saxotagon
Search rice cooker zojirushi Apalah hamba rice cooker miyako batik 100rb hadiah kantor bini,tapaklambe
Citacitaku adalah punya rice cooker Zojirushi.,_viaw
Buset rice cooker Zojirushi harganya mahal juga ya 4jt an. Tapi katanya bagus banget?,jodianjasmara
mesin cuci : bosch (seri yg engselnya besi) setrika : phillips HD1172 pompa : grundfos ricecooker : zojirushi tv : sony bravia,breakfstplatter
@adawiyahriwan @aneriaidyl haruskah kita coba si zojirushi,Nugrohosays
Udah sebulan menimang2 untuk beli Zojirushi .. apakah memang sudah saatnya?,Rdtya_s
@mrs_enci Zojirushi emang ok sesuai sama harganya yang lumayan. Merk ini punya tumbler sama termos yang bagus juga https://t.co/bfplbPc5Jb,scieonce
@tanyarlfes Di rumah tu mesin cuci yg bagus electrolux setrikaan uda pasti philips rice cooker yg the best sih zojirushi cuma harganya 3x lipat dri rice cooker biasa,GvinakLDOP
@darkxocco @urfaqurrotaainy @tanyarlfes Pen pny rice cooker keq di yutub korea yg ada suaranya zojirushi ada yg keq gini gk y?!,aTAEnna
@tanyarlfes Enyak punya mesin cuci electrolux dari tahun 2002 baru tahun kemaren rusak beli lagi merek electrolux type nya lupa kalo setrikaan philips dari 2007 sampe sekarang masih awet rice cooker punya enyak mereknya zojirushi sampe sekarang juga awet lupa beli tahun berapa,kamubaubanget
@dynch__ @mrs_enci @piedfisch Semoga kaka-kaka di sini dikasih limpahan kekayaan biar bisa beli produk rumah tangga Zojirushi semua ,Mpok_Hanum
@mrs_enci @piedfisch Kapaaan bisa kebeli zojirushi yahh,dynch__
@clarisfication Iyaaa setrika Phillips yg model lama. Mesin cuci sih Bosch dah kl aq. Tp jelas kalo rice cooker Zojirushi. Njir itu rice cooker gw lbh tua dpd anak bungsu gw dan masak nasinya masih consistent bagus! ,winsome_bunny
Rice cooker pokoknya Zojirushi. Dari tahun 2010 rice cooker gw masih bagus! Rice perfectly cooked. Iya mahal. But worth it,winsome_bunny
@tanyarlfes Aku pernah baca2 (belum beli krn ga punya duwit). Penanak nasi zojirushi bagus tp mahal philips katanya gampang error yong ma katanya awet. Kulkas&amp;mesin cuci eletrolux ac banyak rekomed midea sharp. mitshubisi gree. Entah deh yg lain. Duwit belum ada jadi blm kepo banget,RettaTeuk
@tanyarlfes Setrika: Philips HD 1172 Rice Cooker: Cosmos (tahan lama) &amp; Zojirushi (kalo bawel soal kualitas nasi) Kulkas: asal inverter dan ada Ag+ biar awet fresh simpan sayur aku pake Panasonic,asribangun
@tanyarlfes Mesin Cuci: Electrolux Front Loading Setrika: Philips Classic Rice Cooker: Zojirushi tiada 1 helai nasi pun nempel dan nasi tidak pernah basi ataupun bau.,adawiyahriwan
Mesin Cuci: Electrolux Front Loading Setrika: Philips Classic Rice Cooker: Zojirushi tiada 1 helai nasi pun nempel dan nasi tidak pernah basi ataupun bau.,adawiyahriwan
@tanyarlfes rice cooker terbaik ya pasti zojirushi kulkas antara lg sama samsung (kalo mau berkualitas tapi anti mainstream ya béko) mesin cuci gw pake smart washer samsung setrikaan gw pake phillips steam yang standing.,seo_jiwoohalu
Ricecooker tentunya Zojirushi. Water kettle: Adagio Electric Kettle beberapa model marine grade stainless steel dan bisa diatur water temperature. Dishwasher: Electrolux ada varian half size &amp; gampang didapat. Stove: OceanChef induction. Sudah gimballed &amp; tentunya marine,janedoeisliving
@tanyarlfes Mixer blender setrika lampu: Philips Kipas: KDK (udah 20+ tahun masih kenceng muternya) Termos: zojirushi Kompor: Modena (udah 20+ tahun masih awet) Mesin cuci: LG Alat masak stainless: Bima,ilunaeil
@tanyarlfes nasinya panas-panas masukin ke insulated food jar cari di online banyak merk thermos pun ada atau zojirushi sekalian,icccarus
@mayammmmmmmmmmm Pakai zojirushi mana ada kerak wei,evvok
Gen Z ada aja dr zojirushi corkcircle owala ada lagi cahkolab.. Kalian pas kecil pgn botol apa yg ga keturutan dik? Kl gw pgn botol minum milo/dancow tp dptnya kotak makan mulu.,rorippe
Baca tweet ttg tempat minum katanya zojirushi bagus. 2016 aku dikasi dosen hadiah lulus. Ternyata harganya mahal pantesan 8 tahun masih bagus,dsskwln
@BukanGongYoo Food jar merk Thermos atau Zojirushi pasti awet dingin,bukutulisQ
naksir bgt sama lunch boxnya zojirushi tapi mehong ,bladeesnutz
@batawhore Merk zojirushi model ini gatau kenapa dlmnya kayak lecet gitu jd ada beli yg baru pas ke jepang thn lalu tp masih pake yg ini sih di rumah. Ukuran 600ml. Yg baru cm 400an ml entah mgp gak ketemu ukuran 600ml model kayak gini. https://t.co/xcJjd89b1l,vionytaniaa
jawab serius tumblr setengah juta beneran setahan lama itu dan beneran bagus contohnya gw pake zojirushi dari 6 tahun yang lalu sampe sekarang masih awet banget akhir tahun lalu baru ngelupas covernya kendalanya cuma itu aja buat ketahanan kalo bikin teh tahan ampe magrib,happydickies
@batawhore Namanya juga genjet sukanya pencapaian kecil kek beli tumbler mahal ini kata oja begitu. Buatku ya tumbler mahal paling bener cuma zojirushi. Masukin air panas dispenser jam 3 pagi jam 9 masih ngebul while yg di koksikel jam 9 udah jadi air suhu ruang ,ndasaurus
Merk thermos ama zojirushi bisa skalian buat self defense(?),identee_key
Sebagai tukang beli tumbler di mana2 (HEHEHEHE) mulai dari yg murah kaya tupperware mid range macam lock and lock starbucks sampe detik ini yang durable dan tahan dingin berjam2 cuma: stanley thermos dan zojirushi ,kimochiyyy
Aku bingung antara merek Locknlock Zojirushi atau malah Sigg yang banyak KW-nya itu,azarassey
@batawhore lebih ke kualitas dan durability nya sih mamaku pake zojirushi awet bgt dan tahan lama. daya ketahanan biar airnya tetep panas tuh lama dan beda sm yang 200an ribu,skicnare
@batawhore W personally bela-belain beli yg mahal (Tiger/Thermos/Zojirushi) yg kecil buat kopi panas sih. Karena kan ga enak ya kopi anget apalagi suam-suam kuku. Kalo buat air minum (dingin) mah. Apa aja juga jadi bentaran juga udah direfill ,luwakmenari
@FOODFESS2 Philip katanya cepet bau. Saran mending Zojirushi,Kuky_Juky
kenapa ya corkcicle owala stanley skrg ini booming bgt katanya air panas bisa awet panasnya kalo pake itu. perasaan pake zojirushi aja udah sangat oke buat simpen air panas . apa krn zoji dan thermos krg bagus tampilannya jd ga seheboh corkcicle dll ,sabrinarizkia
@kleponwajik @_moedamoody @orchidpoison @dopabmine iya thermos dan zojirushi sih mantep ya sy udah lama pake zojirushi dan thermos sih so far produk ini oke ya.,sabrinarizkia
@naygozali @almiracalie @orchidpoison Lebih sering dingin.. kalo panas ga disaranin deh kayanya soalnya ada sedotan dalemnya &amp; sedotannya bahan plastik. Tapi air anget2 gitu sih gapapa sepertinya hehe.. kalo mau yg air panas mending merk thermos/zojirushi sekalian ,rafikarahmi
memasuki era dimana thermos zojirushi terlihat lebih menarik daripada merk thermos sendiri buat nyimpen air panas,vndkfz
@Bittersweet_mmm baiqlah karna keknya beneran awet. gwa beli yg zojirushi. thx ya ray!,hykyngsoo
@hykyngsoo di reply sebelumnya zojirushi baguss jepang punya kalau gak salah soalnya dulu kakakku yg mix married sama org jepang make itu,Bittersweet_mmm
@FOODFESS2 oiyaaaa dong haruss nanti bekelin suami jugaaa walaupun suaminya beli mam di luar juga gapapa tapi aku bekelin pokoknya pake lunchbox dari Zojirushi ,itsmryne
Mug Zojirushi jenama dari Jepun. Ada yang tak biasa dengar lagi jenama ni. Ada warranty 5 tahun kalau tak tahan panas / sejuk. https://t.co/IzaIsCnIZo https://t.co/zrpTyqyIHH,HassanAizuddin
bocah tupperware bocah zojirushi https://t.co/RyQue164xt,rwnhns
@svtnntr Zojirushi udah terbaik sih apapun yg mereka buat Mungkin yg sama bagusnya si tumbler yg sempet viral masih sehat walafiat biarpun ditinggal di mobil yg kebakar ,erruhurr
 Ya Allah pengen rice cooker Zojirushi ,handikov
@worksfess Ngga catnya gampang ngelupas sama kurang tahan lama. Mending lock &amp; lock kemana-mana. Kalo mau yang agak mahal ya bisa zojirushi.,1020_pm
@worksfess Lebay aja. Ada Zojirushi yg jelas² lbh bagus tp ga viral.,WinTendean
@februar_ry Mending zojirushi kl untuk tahan dingin &amp; panas ,daesikie
@worksfess le hubby pake zojirushi. Pernah kelupaan minum ditinggal bobo terus kopinya masih panas besoknya tapi basi sudah tahun ke 4 still works like magic~,cibubulan
Next ke Jepang mau cari tumbler Zojirushi atau Thermos ah.,yuska77
Zojirushi ga pernah gagal. Rice cooker dan termos untuk meal box tahan awet sampe lama. Tapi gw juga punya corkcicle sih dan ga nyesel beli karena kepake.,yuska77
Tumbler tahan panas kalo butuh buat air panas pas traveling zojirushi aja bagus. Kalo yg tahan dingin pny lock n lock buat sekadar isi es kopi udah cukup. Selebihnya tumbler ya ngikut fungsi dasarnya aja isi air.,sheserendipity_
@februar_ry Kalo fungsionalitas mending beli termos Zojirushi tahan panas ama dingin bisa seharian.,gatotkacagovlog
hahahahaha barusan beli zojirushi mental emak-emak alias ibukku karena based on her testimony tapi ya preference aja lock and lock juga okeh. sebelum beli ini riset dulu di youtube dan menurut review orang-orang zojirushi emang awet~ tapi kebanyakan orang tua sich https://t.co/BljBTbBrZB,weamercury
@halaltwincest @kiyeowoozi Butter gourmet itu contohnya kek mana? WGWGWG gapake takaran Tpi kudu pake zojirushi ya de? Kalo yg lain gabisa?,Edea_Syllisya
@Widino Kalau lokal pakai pandan wangi-nya BMW dimasak dengan rice cooker Zojirushi ️,bskr_
@Widino U need both good rice and also good rice cooker. Jangan harap dengan rice cooker 200-300rb bisa mendapatkan nasi yg pulen. Invest ke rice cooker seperti Zojirushi atau Cuckoo yg ada pressure cookernya. Beras Thai Leon atau Ciparay dua2nya ok!,polar773
@convomf wadah makan tahan panas buat nanti anaknya mpasi. rekomen merek tjermos or zojirushi. tp mihiiiiilll.. or daster buat tmnmu menyusui. atau kasih duitnya aja temenmu lebih butuh ini buat byr² after lahiran (cek rutin ke dokter/imunisasi),herniardiani
@AmbarBaw @pisangsayur @ImaIsBack Sama sekali ngga berubah kualitas nasinya kok 3hari itu ga kuning bau lembek kering sama sekali. Magicomnya ga terus2an dinyalain. Oiya ini ga pake zojirushi itu ya pake yongma digital RC yg umurnya udah 5th (bukan baru). Berasnya yg unbrand kiriman panen dari kampung,gaiamamoru
Ribut2 jajan zojirushi dah lu ken perkara beli dispenser aja kagak jadi2 luuuu ,kenykenasri
Ingin beli zojirushi tp yaa mahal astagfirullah si philips udh 4 taun masih bagus kan gw gak ada alasan jajan rice cooker ,kenykenasri
@resthir Zojirushi emang buagus bangettt: ) dulu mereka salah satu client di kantor lamaaa,nisynwafer
@adawiyahriwan @ImaIsBack Kak abis nasi masak lsg matiin/cabut kabel ga? Aku pke Zojirushi jg dr 2021. Sampai skg masih kayak awal punya kalau kelamaan nyala paling kering tp ga lengket. IMHO worth it nabung krn sebelumnya pake M*yako habis 2 buah (kado nikahan) setahunan jg udah gampang lengket &amp; bau,happiwwness
@chsra_ setau gue merk zojirushi bagus Ches awet itu tapi blm pernah nyobain sampe 4 hari jg sih,ahmadekas
Manifesting ya Alloh semoga Engkau berikan saya magic com merk zojirushi jepang aamiin,didinhanifah
@prenutsbutter @sraaania @ivanjayawan Zojirushi ada yg made in China dan Japan (pernah nanya di tokonya). Yg made in Japan harganya lebih mahal tapi klo mau beli untuk jangka panjang lebih baik beli yg made in Japan sekalian. Mertua punya yg made in Japan uda 20 tahun masih bagus.,novablyze
@anteppi @chimot_ Zojirushi gak masuk itungan mba uleee... ,sawiesawie
@anteppi brarti Yongma digital iki tukang e yg pasang elemen panas e mabuk autan bekne probleme sama semua kuning. Ibukupun Zojirushi magiccom bahulanya itu hadiah pindah rumah kaule lek beli dewek sekarang mikir ,chimot_
Mau rice cooker zojirushi ya allah ,yourmorningview
@ImaIsBack @adawiyahriwan Itu masalah buangan uap hasil masak nasi kak. Mungkin di Philips kekumpul di suatu sisi jadi lembab di sana dan kualitas air jadi pengaruh. Zojirushi kebetulan punya mekanisme pengolahan uap yang lebih bagus jadi tidak balik lagi ke nasi.,asribangun
Ibu beli Yongma smc digital juga macem gini padahal baru 6 bulan. Sementara itu Zojirushi belio yg dibawa dari HK sejak tahun reformasi aman,chimot_
@sraaania @ivanjayawan Zojirushi tapi 3 jutaan,prenutsbutter
@garem_oren @ImaIsBack Zojirushi wkwkwk,melanieppuchino
Jadi ingin membeli rice cooker zojirushi deh,fitrub
@pseudoludens kamu terlalu zojirushi ns tsq10 xj untuk aku yang miyako mcm-606A,giogemb
@adawiyahriwan @ImaIsBack zojirushi emang the best. aku juga pakai.,revivemyheart99
semoga kesampaian bisa beli rice cooker zojirushi ,pinkftskies
@muestafid @indria_vitri Bukan rugi tp serakah. Alasan org bawa plg dr luar sbnrny krn harga dr luar bisa lebih murah jauh pdhl sama2 bukan negara asalnya. Coba lu compare rice cooker zojirushi di sing ama di sini. Bisa beda up to 1jt. Tkt duit kita ke negara lain tp di negara sndr dipalak.,wontonmie
Zojirushi sih best buy Seharian pun masih tetep awet panasnya.,karinn_ax
@skipberat Aku punya semua. Owala corkcicle stanley. Zojirushi dan thermos. The best bwt panas dan dingin itu zojirushi thermos dan stanley. Owala thermos zojirushi dan stanley jg dinginnya awet ampe besoknya tp plg bgs bwt ice itu owala dan stanley. Corkcicle suck bgt nyesel beli,widimaria
@skipberat Btw friendly reminder utk yg pake bahan stainless jgn lupa sesekali di deep clean ya. Bisa pake citric acid atau pembersih termos kayak dr zojirushi atau kobayashi ini. Kalo mau gampil bisa pake hack denture cleanser tp pilih yg original jgn mint biar ga ada after taste mint https://t.co/4AKC7XUKno,dakkochi
@skipberat Best hot &amp; cold: - zojirushi/tiger - thermos - yeti (-mesti jastip) Best commuting - hydro flask - owala (-bbrp cuma utk cold jastip) Best variasi warna - owala - thermos - corkcicle (-berat ga ergonomis) Best budget - lock&amp;lock Sesuai kebutuhan aja utk jenis tutup/pegangan,dakkochi
@cieIdeminuit @skipberat mjb aku juga beli zojirushi (600ml) dan udah pake dari tahun 2016 sampe skrg masih oke (cm entah kenapa lining dalemnya kayak ada sedikit rusak gitu). tp zojirushi gak gitu banyak ukuran yg gede sekarang. waktu itu beli di jepang cm ketemu yg 480ml untuk modelan kayak gini https://t.co/YtlKhW5KEr,vionytaniaa
2. zojirushi andalan banget dari dulu buat minum panas (ga pernah buat isi minuman dingin) walaupun merk nya merk orang tua tapi ini tuh bagus model nya timeless dan elegan. mending beli ini dibanding corlcicle atau tumbler sb kalau aku https://t.co/kgffvWBqFE,desensitasi
di tengah banyaknya brand tumbler sekarang cita-cita dari dulu pengennya punya thermos zojirushi ,weamercury
@skipberat Walau km udah beli Zojirushi aku ttp mau review Owala wkwkwkw. Secara UX suka bgt tp masa kmrn botol Owala aku pencetannya lepas HUHU anjerrr kesel soalnya udah mahal pencetannya lepas (walau bisa dipasang lagi) jdnya inse kalau2 dia copot tp ga ketauan.,sunkisseeed
Kapan2 kita beli rice cooker zojirushi itu,wkdl_
@skipberat HUHU THANK YOU baru cek kamu jd beli zojirushi ya.. aku dulu punya tempat makan yg termos gede awet banget ,cieIdeminuit
@jadibubur - Wah rice cooker kamu Zojirushi juga?? - Eh cobain xxx fine dining yu - Kemarin kamu sell Eth di brapa? - cobain yoga class/gym nya xxx yu - Nih aku beliin kamu tolak angin biar ga jompo di kantor,wakandarian
@catuaries Kecuali rice cooker lu zojirushi. Baru itu sakit.,MVRRFX
Dikasih Zojirushi buat di rumah baru. SENENG BANGET IH https://t.co/kXrDGlqxLx,aMrazing
@sadecesemanurr @ettemiiimi Bir de Zojirushi marka,gesan5000
Zojirushi Citric Acid for Electric Pots / pembersih kerak / descale ATPLCC6 https://t.co/fQSG7jiAHk https://t.co/ZrqcTWfaOo,Franz25W
@convomf Zojirushi aja nder awet punyaku sejak 2016 masi ok,r8ap_twt
semoga lelahkuu bisa kebeli rice cooker zojirushi ,kakgins
@aMrazing Zojirushi awetnya gak ketolong koh.. kakak aku dulu beli waktu punya anak 2014 sampai sekarang masih bagus dan panasnya masih awet.. aku juga kemarin baru beli krna rekomendasi dari kakakku ,Rini_gading
@dbdiduk Apa lagi kalau merek Thermos atau Zojirushi. Huahahahahaheng,thisAdzania
@aMrazing Aaaaakkkk lucu banget kotak PR package Zojirushi . Bisa buat tempat tidur anak kocheengku,YJamaldi
Di kantor jg pernah diketawain krn gw bawa rantang buat bekel gatau aja kalo rantang gw zojirushi hehehe ,RxxSoo
@aMrazing lucu banget. pengen liat dalemnya deh. aku pake tumblr zojirushi dari 9 tahun lalu masih awet sampai sekarang walaupun luarnya ada penyok dikit akibat sering jatuh dan kejeduk di site.,pencintanakayam
@aMrazing Gimana ya caranya biar dikirimin produk zojirushi juga ,fromsoulshine
Terbengong 2024 GILE CANGTIP BANGET PRODUK BARU ZOJIRUSHI INIII. Namanya Zojirushi vacuum bottle. Withstand heat and cold for 24 hours katanya Kalian paling suka warna apa?? https://t.co/bJok0xITgD,aMrazing
@TweetsOfCats hihi kalo masih ada timi pasti dia nongkrong dkt zojirushi mulu deh,Isnasson
@ctnajihahzamani ada kat shopee. salah ejaan. sorry my bad. it's zojirushi; not zoujiroshi.,schafiqtecix
@mutiahahah Gaa Mut murah di amazon ekwk. Di sini brand paling dipake zojirushi sama tiger. Itu pun ga ada tren2 haha,segara000
semoga bulan depan bisa kebeli zojirushi ,moonchildsha
Btw best buy 2023 gue adalah tumblr thermos harganya sama kek brand lnl tapi lebih enteng dan tahan panas dingin. Next mau coba zojirushi,youngkrrrr
Stargazer bentuknya kyk rice cooker zojirushi https://t.co/zs9ivXd7cS,menghanyurkan
gw akan ke zojirushi nanya mbaknya bisa ga ganti kenapa kalo ga bisa ya udh beli baru ,povvvvvvvv
Wishlist tumbler Zojirushi tapi sekarang Lock n Lock dlu ja gpp,madhedhew
@mrsnabil @sukaskincarean tp hydroflask mahal price to performance di harganya hydroflask bisa dpt thermos ato nambah dikit dpt zojirushi wkwk,rinaldisp
@FOODFESS2 Zojirushi bener2 sebagus itu cm harganya ..,kaizareisback
Sepertinya zojirushi tapi seinget gue merk indo dah cuma warna sama bentukan tombolnya sama persis,hawtie_
@FOODFESS2 Biasanya pake apa nder emangnya? Zojirushi?,omnicrescent
@tanyarlfes Guys mau nanya. Botol minum kayak hydroflask owala dan zojirushi dukung Israel atau ga ya?,winteraqu
Zojirushi diskon lumayan tapi belum punya rumah ,perletakan
@glennmars Iya selama ini jg di kulkas malah enak bisa buat nasgor juga Tp akhirnya beli yg 5.5 cup Rejeki orang sabar tuh Zojirushi udah lbh 1 th di keranjang belanja menunggu diskon yg tepat wkkk,elisa_jkt
Zojirushi diskon mayan besar. Tapi sudah 30 menit blm bisa memutuskan apakah beli rice cooker yg 10 cup atau 5.5 cup. Soal matematika: 10 cup vs 5 cup beda harga 260 rb dan beda 200 watt. Butuh masak brp kali nasi agar penggunaan listrik terasa lbh murah? ,elisa_jkt
Zojirushi ga mau bikin rice cooker versi lite kahh mahal bgt:(((,naufxl
@AryBandung @ArifPetaniKopi @aewin86 Gamau kalo payung. Maunya Zojirushi #lahmilih,lailadimyati
@aMrazing Gw ditawarin mbak2 zojirushi: beli RC gratis lunch jar. Lah buat beli lunch jar-nya aja nabung berbulan-bulan ,NiamSadiyah
Masih menyesal kenapa ga aku bawa pulang aja zojirushi pake kargo ,fromsoulshine
@aMrazing Brand mantep banget ini zojirushi. Ngeliat tumbler nya aja ngiler banget.,nunuwsn
@aMrazing Yaampob zojirushi katanya ini ga bikin kering nasi walaupun dalam mode warm ya ,tiranisaurus
EXCUSE ME??? DIKIRIMI ZOJIRUSHI KATANYA HADIAH HOUSEWARMING??? (Yang mana rumah aku belum kelar juga but hey!!) Well berkatalah yang baik-baik biar dikabulkan yang baik-baik juga https://t.co/uQCpXBy431,aMrazing
@vidyvii Menunggu review thermos dan zojirushi,_tongki
Sebelum ada corkcicle ada tuh tumbler lain spt sigg zojirushi stanley. Tp kenapa merk itu terus yg selalu dianggap paling mahal ,AKUNSANTUN
@bestdiary_ Insulated botol dari merek Jepang emang tahan lama. Shuma Thermos Zojirushi Puas semua pakai 3 merek ini sudah 5 tahun lebih,MondayHer
Gapapa pak tapi kalo bisa yang mereknya zojirushi ya #lah,sutrialisme
Baru bongkar kardus tumbler zojirushi hasil menang ngasih review di tokped. Ternyata dikasih garansi 3 tahun. Buat tumbler aja https://t.co/dHweFaUGuz,nitia_a
@chitatuw sbux sama corkcicle kureng banget taa untuk harga segituu catnya rawan ngeletek soalnya apalagi kalo dipake daily. Mending Zojirushi kurangnya cuma dia desainnya gk selucu corcicle dkk tapi kalo dari kualitas mah jauhh,Ukhthicc_
@OlgaLy_DIA Zojirushi itu ya Kak? Kalo nonton di film masaknya ditanak pake bambu gitu. Terus setelah matang ditunggu sebentar terus kayak diaron gitu. Dibumbuin diaron lagi. Sampe sempurna bagai lukisan.,glennmars
Haritu baru buang nonstick pot yang dah scratched. Sekarang nak cari pengganti innerpot pulakkk. Mana ek nak cari innerpot zojirushi. Tanya tempat yang kitorang beli rice cooker tu haritu dia kata takde jual sparepart.,eykahamasuba
@maghapavana Dengan harga yg lebih murah masi worthy merek Thermos &amp; Zojirushi. Sama2 tahan panas dingin sampe lama.,lacheriebon
@thoriqmm Zojirushi japan engineering banget. Kayanya masih pakai komponen jadul tapi solid. Nasinya selalu bagus.,ngurahbas
@closetowhy Sesuatu yg viral dari fomo hanya mendatangkan euforia sesaat.. uda paling bener zojirushi,bananacato
Tumbler premium / mahal yg menurut gw layak beli karena kualitasnya terbukti dan awet ada tiga merek: Zojirushi Hydroflask Yeti Sisanya skip dulu.,thoriqmm
@closetowhy Memang paling bener pake zojirushi punya lebih nyaman pegangnya juga. Untuk harga kurang lebih sama kayaknya Ini baru beli yg 400an ml di JP model one touch dlu beli di JP jg yg 600ml udah 7 tahun pake tiap hari masih awet bgt. Jatoh pun gak lecet https://t.co/REoyhxENlT,vionytaniaa
keluar duit 750K++ buat tumblr trus nglotok gini. wkwkwk. mending uga Zojirushi atawa Kinto kalo buat gaya Yeti~,justitoadi
perdana nyobain lunch jar-nya zojirushi. sebenernye udah punya dari lama tapi memang nggak pernah bawa bekal lengkap jadi barulah bisa dicoba hari ini. kesan: nasi dan sayur masih hangat tanpa perlu microwave space-nya pun masih lega buat sekali makan nasi sayur lauk. ntap https://t.co/2tqEFauMyc,smpvtr
Manifesting so hard for Zojirushi rice cooker untuk resolusi 2024 kedepan kkkk semoga disegerakan ,swartic_
Manifesting bisa kebeli zojirushi,Kelinci30
Nge-wishlist lunch jar nya zojirushi tp agak kurang sreg krn bahan containernya masih plastik. Eh Shuma punya containernya udh stainless double wall mana harga lebih murah udh dapet 4 container. Galaww ak,cottoncallico
@histaemin yaallah kayaknya zojirushi ga masuk jerman,zwolftenaugust
mungkin nanti gue minta ke calon suami jadi nanti dia ijab qabul textnya saya terima nikah dan kawinnya [nama gue] dengan mas kawin seperangkat alat solat berikut rice cooker merk zojirushi dibayar tunai ,zwolftenaugust
ini mungkin aneh banget tapi kayaknya next pencapaian hidup gue adalah being a zojirushi rice cooker owner sampe sekarang masih belum rela keluarin duit segini buat rice cooker BUT SOMEDAY.... https://t.co/xlKsVTEgCO,zwolftenaugust
@FOODFESS2 Yang merknya zojirushi,IkhoRahmandani
@FOODFESS2 Merk Zojirushi tapi ya agak mahal Tumbler nya 400k an,Benikurniawan04
@FOODFESS2 Zojirushi. Air panas up to 12 jam masih berasap panas BANGET waktu dituang. Es batu up to &gt;15 jam...gatau aslinya brp lama soalnya pas jam ke-15 udah aku buang es batunya karena mau dicuci https://t.co/Ll8E9nOMFT,Waonbin
@DistantValhalla Kinomeki Memorial W,george_meatloaf
@Ai_Sherry Terbaik emang build nya kalo ga nyandak duite buat Zojirushi atau Tiger,bulelengman
Dulu justifikasi gw beli Zojirushi biar buat masak nasi merah. Eh begitu nyoba beras Jepang + soft mode ga bisa move on. ,meryamelia
Bahagia gw sekarang bukan tas sepatu tapi beli ferrari nya rice cooker alias ZOJIRUSHI FTW ,bloodymarriott
kalau mau botol tahan dingin &amp; panas SEHARIAN COBA deh lirik brand ZOJIRUSHI made in japan bahannya bagus dan TAHAN LAMA. Ini aku pake udh lebih dari 10 tahun masih bagus bgt nih aku kasih yang estetik https://t.co/GsATUkqjyF https://t.co/AevVxzQurb,snbstories
@bxntngg kalau emang iya zojirushi pantes akhir akhir ini zojirushi terus...xixi ,singfuteng
@EroSenninLegend @onlyabidoang Zojirushi supremacy sayangnya mahal ,AnantaDida
abis ngeliat banyak info kehilangan AK JG MAU BUATTTTTT ‼️️KEHILANGANNN️‼️ *Telah Hilang* Selasa 31 Okt 2023 - Botol zojirushi sebesar 720ml berwarna biru muda. - Ada stiker anjing dan kelinci pada botol (klo blom lepas) - Ada lecet lecet tipis - Hilang di FEM https://t.co/SN8cSRwdmw,helloit77796535
Bulan lalu lagi tergoda banget pengen beli termos kopi atau tumbler kopinya Zojirushi. Bulan ini keknya makin kepengen. Wkwkwk,astrindaa
culture shock pas mau mulai penelitian adalah disuruh beli thermos buat naroh nitrogen cair tapi mereknya zojirushi ,pompoets
@xxtravert Kak kalau mau yg lebih safety awet panas porsi besar pakai zojirushi Kalau yg mau simple porsi ga banyak-banyak amat aku pakai let yeah (yg paling kanan seringnya buat bekal makan siang anak) https://t.co/DPlQIR44SW,afiafiafii
@XXXbyefelicia https://t.co/9pdd8CnJPg ni kakjah zojirushi. Confirm panas 3-4 hari,atirasalim
@FOODFESS2 Merek Zojirushi pasti awet sampe besok juga masih ada bentuk es batunya.,rsirwaturai
@FOODFESS2 buatku pribadi Zojirushi masih jadi yang terbaik,dennagania
@FOODFESS2 aku pake lock amd lock awet sih up to 5 hours kalau kelupaan minum.. pernah pake yg beli di Ace Hardware juga awet tp mungkin dalam setahun udah ga bekerja lagi. pake Zojirushi udah 3 tahun still as good as the first time awet sehari semalam ,cibubulan
Ada merk zojirushi. Es batu taro pagi sampe malem masih ada ,mitebwa
Zojirushi Kitchen Inspirations: Let's Cook Shabu Shabu and Yakiniku https://t.co/EBv6r350HG,ZojirushiUSA
Zojirushi Kitchen Inspirations: Let's Cook Shabu Shabu &amp; Yakiniku https://t.co/KOAIe3hdRJ,ZojirushiUSA
Kalo merknya Zojirushi : pemerintah bekerja Kalo merknya abal-abal : hello kpk,wahyuutomos
@tanyakanrl bole rikues yg zojirushi gak sih,mankaitte
@ridwanhr Kata ibuk nasinya jd lebih enak. Pake zojirushi sudah 8 tahun masih awet.,callmemocit
Aku ga suka ngeluh ga suka nangis. Org yg ngmg ini ya gtw aja hidup aku segimana susahnya : Emg sih aku masih mendang-mending kalo soal perihal rice cooker zojirushi tp dibanding hidupku 4-5 tahun lalu yg keinginan hidup aja minim my current life is in so much better place.,nenglily
@nanadasa85 @FOODFESS2 Benernya merk rice cooker ngefek sih kak. Rice cooker negeri matahari ini bisa membuat nasi gak bau lebih lamaaa. *Zojirushi yang ada gajah imutnya* https://t.co/tEMfXbyiDh,MatthewSugiarto
@theminrya awwww sayang kali..zojirushi bagus bgt pdhl eniwei u dmn skrg,overthegyu
@theminrya ga zojirushi aja yg gajah,overthegyu
@kozirama Hahaha masuk aja boleh kali kang ada toko zojirushi di dalemnya,beerudyamsah
@NephilaXmus bismillah zojirushi @niswawa,elfupie
Bah! *Zojirushi.,SophiaLee42
Kalo bukan Zojirushi aku ga mau *minta ditabok*,fichaaan09
Mau tapi rice cooker zojirushi ya ,grassonurfield
mau yg merek zojirushi dong wkwkwk,oreochizucake
Bismillah dikasi Zojirushi sama pemrentah ,sukaminumteh
Kalo bukan Zojirushi saya ga mau terima ,FSulgani
kenapa sih yaa gak ada kepikiran beli tumblr zojirushi pas di jepun hfffff ,puspanrd
Tiktok shop mau tutup ini zojirushi ga ada diskon rice cooker jadi 300rb apa ya,dhannylazuardi
Cons: ga bs keep food warm. Makanya skrg dipake utk bawa snack; buat lunch pake zojirushi &amp; tiger. Nasib anak2 sekolah di sekolah yg ga ada kantinnya dan super strict ttg food allergy harga beli dulu 450an dipake 4 taun oklah di-depreciate per tahun 100an ribu ,jesswjk
Sok²an mau pake Zojirushi tau tau listrik jeglek pas dicolokin ,KiraraAmber
Semangat banget pas liat tiktok harga Zojirushi tinggal segini pas banget rencana ganti rice cooker. https://t.co/7BcqxHLu55,KiraraAmber
@FOODFESS2 Klo buat es rata2 awet sih coba beli zojirushi awet bgt itu sampe lbh dari 8 jam,susususupernava
Pesan sekarang di Shopee! Zojirushi Indonesia Official Shop: https://t.co/1thZnR8FRy,djono50080213
Zojirushi Citric Acid for Electric Pots / pembersih kerak / descale ES3YYW2 https://t.co/mmNhTRe5jl https://t.co/kJEkR60SUj,wilderman50cnwv
@InfografisF1 Sponsornya Zojirushi,melepasdahaga
@Avast_o ZOJIRUSHI GANG ASSEMBLE,chimyuiku
@sisthaaaaa Jujur iyaa kak. Aku pas sampe di Jepang dulu agak kaget kayak loh asramaku pake oven zojirushi di dapur komunal ,beautelogbook
@lydialiem Hoo.. apa gara-gara Panasonic punya pabrik di Indonesia kali ya? Jadi udah made in Indonesia gitu. Sedangkan Zojirushi pure impor dan jadi mahal kena cukai dll. ,sisthaaaaa
@sisthaaaaa Segini kakkk meanwhile rice cooker ala2 Zojirushi cuma 600rb - 1 5jt aja https://t.co/fAtfs4DBKg,nisynwafer
@sisthaaaaa panasonic masih affordable ada yg dibawah sejuta. ya sekitar 1/3-1/4 harganya zojirushi gitu dan 11-12 ama yongma.,lydialiem
@sisthaaaaa Kantor lama aku pernah megang content socmed zojirushi dan pas live jualan gitu memang susah laku dan yang beli selalu kalangan menengah keatas kak,nisynwafer
Jujur aku malah baru tau kalau Zojirushi itu terkesan mewah di Indonesia. Soalnya selama di Jepang liat orang pake Zojirushi perasaan biasa aja? Range harganya juga luas sih tergantung model. Dari yang murah harga belasan ribu sampai yang mahal ratusan ribu pun ada.,sisthaaaaa
airbnb sejutaan rice cooker di dapurnya zojirushi dong . standar di Jepang emang agak2 ya https://t.co/rsZAFVy0SU,govoes
Setelah punya coksikel gw masih lebih demen zojirushi.. minum sama2 tetep dingin walaupun lamaan coksirkel.. haelah gw mah haus mulu.. tu aer belom 5 jam juga pasti abis..,zealanda
Alasan kenapa di Jepang suka khilaf harga beberapa barang jauuuh lebih murah. tumblr Zojirushi: 600rb vs 250rb https://t.co/3MyyENJHU5,govoes
@tanyakanrl Banyak nder; Hydro Flask Yeti Klean Kanteen Stanley Thermos Contigo CamelBak Zojirushi,6ags_
@anggrethaa Baru liat stanley x starbucks.. aneh bingit kenapa sih bentuknya gini. Bahkan zojirushi aja lebih baguss modelnya,elmochocochip
Dari kapan waktu pengen Zojirushi tapi belum kesampean (dasar aku si kaum mikir lagi mikir lagi),catatannisaa
Itu zojirushi mang larang banget kok sampe kohalek aja wishlist? Kayake pake upil dia aja kebeli itu mah ️ BIAREEEN AJEEEEE,hippieshooray
@aMrazing Sama pengen zojirushi juga sama tineco buat pel sama vakum koh,donnadnaa
@aMrazing Zojirushi nih ya aku taunya dulu tmp bekel murid2 gw dulu pengen banget punya. Krn tahan lama dan isiannya ga berubah. Smp skrg blm kebeli ,AliaRachma
@aMrazing Zojirushi memang juaranya Ko. Dulu pas kerja di home appliance ngeliat ZJ nih kayak liat intan permata. Sempet punya Vacuum Bottlenya pun awet 9 th :),esthikaQG
@aMrazing Mbak SPG Zojirushi ngiming2 promo beli rice cooker gratis lunch jar. Ga dulu deh cukup lunch jar saja. Beli offline lebih murah daripada di official store,NiamSadiyah
@aMrazing Zojirushi impian aku juga tp harganya ,dewi_tetti
@aMrazing @trimeiyuliynti Well noted koh. Lg nyari rice cooker jg dan sempet tertarik sm yg model low carbo tp yaudah bye aja. Btw Pengen zojirushi jugaaaaa katanya awet bgt bs sampe 10 thn!,arievicas
Umur segini yang bikin bergairah udah bergeser ke perabot rumah tangga dan appliances kece. Wkwkwk. This is my current wishlist. Rice cooker zojirushi. Gile kayaknya cakep banget. Kalau kalian apa wishlistnya? Share dong wkwkwk https://t.co/JmyyClzx2U,aMrazing
@ezash Thermos dan zojirushi panas nya tahan lama,OppoA7452585726
Sampe bawa zojirushi sendiri,bravocado14
Cek Zojirushi SL-GH18 BA Lunch Jar Termos Makanan - 3 Susun [Hitam] dengan harga Rp629.000. Dapatkan di Shopee sekarang! https://t.co/4GIJTE8H4K https://t.co/CltTsYXr0J,fansbapak2id
waduh zojirushi lagi 3.4jt... https://t.co/7a6hUAgPe7,zwolftenaugust
@convomfs Mungkin ga sih selain emang berasnya pulen gitu dia masaknya pake rice cooker Zojirushi?,auliahutamii
Udah nyobain masak pake rice cooker Zojirushi ini. Nasinya jadi enak banget legit dan pulen terus wangiiii. Makan nasi aja kayak enak banget gitu haha. Gak nempel sama sekali. Kayak licin gitu permukaan wadahnya Bonus anak gua doyan banget makan nasi hasil dari rice cooker,adawiyahriwan
zojirushi emang buat market luar kalau masuk ke indo jadi barang mewah karena di indo banyak rice cooker murah. tapi zojirushi ini lengkap dan banyak fitur jadi gak hanya sebagai pengukus nasi lo masak disitu juga bisa tanpa improve kayak rice cooker biasa,speedingjunkie
@tunachunks_123 Gm tuna,MrZojirushi
Barusan dibeliin rice cooker Zojirushi ini sama suamiku Semoga rice cooker cintaku datang dengan selamat dan jadi betah masak di rumah. Foto hanya pemanis. Link: https://t.co/ez8fVw3Qwp https://t.co/27PO1tEeLt,adawiyahriwan
Punya 3 rice cooker di rumah : Cosmos Philips ama Lock n Lock Low Carbo. Masing2 ada plus minus. Yg masih di bucket list adalah Zojirushi (yg besar ya krna mbakku makannya banyak jd aku gabs pakai rice cooker kecil). Ciciku aja yg tajir melintir aj masih nabung dl pas mau beli.,melanieppuchino
#deals #offer ... #Zojirushi SM-QHE48GK #FlipandGo #StainlessMug #travelmug 16-Ounce Teal https://t.co/4y0UrIMuDH via @amazon,promoOne2
Rekomendasi 5 Rice Cooker Zojirushi Terbaik Masak Nasi Menjadi Lebih Praktis: https://t.co/6LhQoABJAk Bagi yang sering gagal memasak nasi di atas kompor mungkin sebaiknya gunakan rice cooker yang terbaik. Rice cooker The post Rekomendasi 5 Rice https://t.co/qBPWPbx323 https://t.co/DNuEoZjwGj,KoranNTBcom
6 Produk Pilihan Zojirushi Indonesia Terlaris di Blibli https://t.co/Z2aRK2cCaV https://t.co/NX8Lt38idh,kicaunews
Mau share rice cooker w yg zojirushi tp terkecoh sama termos yg ini gemes bgt tapi musti di twist gitu bukanya bukan pencet doang https://t.co/k8vi0fJCd6 https://t.co/I7OzMd3bF0,vionytaniaa
Kalo aku sendiri pake zojirushi punya sejak..... 2016? Nasinya jg enak sih dan gak ribet jg. Model yg ini kayaknya dipake sebagian besar pemilik rice cooker zojirushi https://t.co/Qn6eAKGWAL https://t.co/IDpxC2rIoO,vionytaniaa
Wow cuckoo punya rice cooker diskon hampir 50%..pengen coba rice cooker mereka sejak liat youtuber kesayangan ganti ke cuckoo dari zojirushi (dia beli pressure cooking punya kalo gak salah) nasinya jadi bagus bgt Ini link tokonya https://t.co/6RsoCbu58C https://t.co/xSWDL3KGN3,vionytaniaa
@rgoestama Saya punya yang Zojirushi diisi air plus es batu pagi sampai malam es batunya masih belum cair,gitowah
Pengennya zojirushi tapi budget yongma adalah aku https://t.co/VF5MbFUMoS,yannyluv
Masih belum punya rice cooker dari @zojirushiindonesia? Pesan sekarang dengan voucher Sodexo Gift Pass hanya di outlet berikut ini: https://t.co/oRlQwbFyvE #Zojirushi #VoucherSodexo #SodexoGiftPass https://t.co/yYg8XzzCCr,pluxee_id
@youtiful____ https://t.co/MnUnBucKD3 aku iniii di rumah yg sendiriii kl d rmh bsd pake zojirushi (Eh tp aku ga doyan nasi jd pk buat steam2),_PrincessMilk
@mrshananto @febrofirdaus @mouldie_sep Tasyi itu siapa sih apakah dia brand ambassador Zojirushi? ,dondihananto
Hartaku emang Zojirushi wkwkwkwkwkw. Sekarang nabung beli vacum cleaner Minat terhadap tas branded sedang bergeser ke elektronik yang mempermudah pekerjaan,menurgumilar
Aku sebut Zojirushi. Karena Zojirushi ini ga bisa disebut rice cooker semacam Macbook ga bisa disebut Laptop atau Iphone ga bisa disebut Handphone. Jadi aku sebut dengan Zojirushi,menurgumilar
sebenarnya perihal rice cooker mahal apa murah jawabannya tetap ada di selera. Pernah tes Zojirushi 13jt sama Miyako dan hasilnya akan membuatmu terkejut @dondihananto https://t.co/FT1KAUI5YU,mouldie_sep
@mrshananto Testimoni pengguna Zojirushi: beras murah pun jadi pulen ,dondihananto
Udah dua minggu masak beras yg kutuan (karena kelamaan disimpen) tp ga tega mau dibuang. Pakek zojirushi ini memang mantap mantul rasanya tetep enakkk,tsukilunacchi
Perlu dites kalo beras raskin masuk Zojirushi keluarnya jadi kayak apa...,dondihananto
Beli zojirushi yang 3jt udah bisa bikin beras 6000/kg jadi pulen kayak beras mahal #riltesti #sebuahinvestasi,tsukilunacchi
@tanyarlfes Ga usah ngikut2 orang kualitasnya masih bagusan zojirushi wkwk,adityaprtm1998_
@karinlives @BigGuzz Tenang... Kasta pemilik Le Creuset &amp; Zojirushi di atas pemakai Chanel &amp; Rolex,dondihananto
@tanyarlfes mending beli zojirushi,terjawil
@mrshananto Pas istri beli termos Zojirushi sempet kaget ini ngapain mahal banget tapi ternyata kualitas gak pernah bohong 72 jam masih panas.,pakzamroni_
@tanyarlfes Kalo banyak yg pake rentan ketuker pake termos zojirushi aja ,bram_ibr
dan selama bertahun tahun aku pake zojirushi botolnya tahan banting bgt dinginnya tahan sampe 12 jam ++,g0rgbusybee
tp imo w sbg pengguna zojirushi menyesal beli tumblr sbux soalnya kalo dipikir pikir keuntungannya ya tumblr day aja,g0rgbusybee
@tanyarlfes Mending pake merk Thermos ato Zojirushi dengan fitur yg sama &amp; kualitas yg sudah terbukti at least 1 dekade.,lacheriebon
@dondihananto @mrshananto Kalau cuma punya Zojirushi food container nda bole tepuk dada ya,lyndaibrahim
Kesimpulan gue &amp; @mrshananto: Pemilik rice cooker Zojirushi itu levelnya di atas pemilik tas Chanel atau jam Rolex Loe berani beli tas/jam harga 100jt belum tentu mampu menguatkan hati beli rice cooker 12jt,dondihananto
@tanyarlfes Monoton sekali ya harus punya &amp; sama merknya. Thermos atau zojirushi bagus,haris_amru8
@prima_sulistya @mardiasih Mejikom Zojirushi tapi berasnya Cap Mertua ,dianasayangku
@tanyarlfes Zojirushi aja nder banyak yg review bagus atau 24 bottles,kolang_keling
Kalo emang uang masalahnya.. Banyak pilihan lain yang sama atau lebih bagus.. Zojirushi itu harganya 800k Thermos itu harganya 500k. Gak ada alasan kuat punya botol minum harus merk corkcircle. Yang lain banyak yg lebih murah.,Ciel_duke
@dondihananto @miund Ok jd jalannya adalah punya Rolex dulu baru Zojirushi? Kapan beliin aku Rolex nya https://t.co/nZryqGUkTg,mrshananto
@miund Masuk sini tambah mahal pula pernah sok liat2 di toko yg di STC sama @mrshananto lalu sadar diri melipir keluar Kesimpulan: pemilik Zojirushi itu levelnya di atas pemilik Chanel/Rolex,dondihananto
Punya prinsip baru: Loe gak pantes utk pamer harta sampe rice cooker loe Zojirushi seharga motor https://t.co/WRjPIcraNj,dondihananto
Aku tim lock n lock/miniso/usupso/botol minum gemesh beli di oren Tapi aku ya pengen beli tumbler keranjang bintang ama zojirushi jujur klo merek yg dibawah ini aku ga pengen sih ,neenanin
i dont care how durable or good this is i aint spending 1 5 jt just for botol minum.....tumbler sbux juga bagus. beli thermos yang merknya beneran thermos juga bagus. zojirushi sekalian harganya juga ga semahal ini walopun masih gila,KlLLERTUNE
@tanyarlfes mending zojirushi sih imho lebih murah. kupunya 1 dan itu awet banget dah bertahun2 pake,ryusuf__
Gw sendiri pake klean kanteen dan zojirushi. Dua-duanya hadiah. Klean kanteen airnya ga bersentuhan dengan plastik sama sekali udah baret dan penyok dimana-mana tapi malah keliatan tangguh. Kalo zojirushi ramping dan tahan jaga suhu lama banget.,yohanesniko88
Btw promo Zojirushi juga ENAK BGT buat dicoba sampe 40% diskonnya! https://t.co/MviiIik4qg #BlibliPEL https://t.co/Wy2mHknD3A,bliblidotcom
@hello_cibi @ariefwiranegara Zakat Fitrah bisa dalam bentuk uang kan. Beras porang udah nemu cara masaknya thanks Tiktok. Tapi gak tiap hari aku masih lebih enak nasi beneran di lidah kami Sumo enak banget tanpa dicuci tapi kosong terus di Jogja. Mau beli Zojirushi kalo rice cooker skrg nanti rusak.,adawiyahriwan
Ada-ada aja kan gue pengen ganti zojirushi gara2 magicjar maung.. kebayang aja kalo merch fancon MX ginian hahahaha https://t.co/IvKRHL11bz,limegreenbbird
Semoga bisa beli rice cooker zojirushi tanpa mendang mending ya Allah aamiin,shintamarr
jd bingung mau beli corkcicle apa zojirushi yg jd mslh nyari uang nya aja dimana ada nya,cheezeeattack
@umenumen Kemarin udah ngumpulin lumayan banyak lucky draw-nya Papaya berharap mana tau dapet rice cooker Zojirushi kan. Eh ngga dapet. Tapi lumayan bisa gratis belanja Rp30.000 - bonus 2 botol milk tea. Not bad lah bisa gratis jajan Senin lalu.,catsandkatzen
@RistyRianda Wishlist aku zojirushi tp krn budget gak nyampe jadi pilih cuckoo. Fitur paling komplit awet udah tahunan pake nasi 2 harian masih enak gak basi gak kering harga juga lebih murah. https://t.co/kzZd1Rg9aA,nynov
ha.... ha... hahahaha. kemaren aku baru nyoret pc seharga rice cooker. untungnya rice cooker philips bukan zojirushi,curahanhatinim
Beda teman perempuan dan laki. Perempuan: Paloma Green Leaf Rinnai Claris Laki (kalau yang beneran LAKIK): Evian Ganten Fiji Zojirushi #MG2,mongoen_
@_m_o_g_l wah hoki banget sih kalo dapet rice cooker zojirushi. Rice cooker rumah satu langsung fix dipensiunkan. hahaha.,catsandkatzen
@txtfrombrand Belom aja nyoba Zojirushi,girei08
Ini emg ricecooker mantep anyinglah zojirushi what? Tapi kalo ada wangnya mau coba jg sih?,pandarancu
@fauzanalfi @txtfrombrand Zojirushi itu Rice cooker kesayangan Uncle Roger di YouTube ini sempat2nya dia ngeroasting yang pake Rice Cooker biasa. Btw saya juga masih pake Rice Cooker biasa cuman ketawa2 aja ngeliatnya. https://t.co/lsD3c9Jt3y,andpho
@vdvl96 @bukandibakar Zojirushi udah paling oke klo ricecooker .. ,ramkris_11
Kalo bandingin rice cooker kaya zojirushi sama rice cooker murahan bukan gimmick sih. Hasilnya jelas beda ,argadanesh
@moyakolvist @adambrotowijono @beylicious7 Aku ganti ke zojirushi,nonayasmena
@kuwehmarie jadi penasaran apakah zojirushi lebih life changing,lokajayae
Pengen beli rice cooker zojirushi ada promo ga ya di prj..,elmochocochip
Worth to buy bisa masak bubur dan lain-lain. Nasi jadi enak menurutku Apalagi zojirushi beneran nasinya enak. Wkwkwkwkw Merk nasi yang sama mamahku pake merk philips aku zojirushi enakan zojirushi,menurgumilar
di rumah iboook pake ini nasi jadi less berkerak karena potnya dari batu-batuan yang non stick gitu. dibandingin ama yong ma sih beti aja tapi desain masi menang lucuk philips. kalo mau yang &lt;1L ada dari merk zojirushi. termantap di kelasnya ,smpvtr
@txtfrombrand Boleh juga nih. Pilihan alternatif buat yang gak kesampean beli Zojirushi.,fauzanalfi
Aq setuju bgt walaupun blm kebeli zojirushi tp ini josssss,_marinaheath
versi mure zojirushi iyah? mupeng tp ricecooker tahan banting sejuta umat kosan ga rusak2 kl itu pensiun jg masih ada kado nikahan zzz,d0zenofstripes
@txtfrombrand Liat rice cooker model gini Aku jadi inget Uncle Roger waktu ngeroasting siapa gitu gegera hanya pake rice cooker biasa sementara dia pake zojirushi. https://t.co/77dnANxAIw,andpho
Kepengen zojirushi. Tp kalo mendengar rice cooker canggih era sekarang ya tergoda juga.,lenta_reader
@ArgentianaA @ShopeeID Cuma yg warna ini kayanya menunya lebih bnyak yah Manifesting ntar klo dah super kaya mau pake rice cooker zojirushi ,txtfromholy
@april_hamsa kalau aku pengin zojirushi. dl punya tp dicolong tukang pas benerin rumah,welly_ph
Zojirushi Brand Jepang yg udahlah jangan ditanya soal kualitas. Bukan untk kaum mendang mending ini mahh. Super canggih keren designnya juga smart bgt yakk. Buibukk sultan boleh nihhh ditengok dulu https://t.co/50i2ryKo42 https://t.co/2a5k6eb1dB,ssieun3004
@farentl hoo gua kalo tumblr yang gitu pernah cobanya corkcicle punya kakak sama zojirushi punya nyokap doang HAHAHA,escgape
Zojirushi SM-ZA48 BM https://t.co/5D5H48H526 Jaga kesehatan dengan botol minum Zojirushi SM-ZA48 BM. Desain stylish tahan panas dan 100% bebas bocor. Nikmati minuman favoritmu di mana pun dan kapan pun. https://t.co/zobSSD60Ev,rekomen_anda
Zojirushi SM-TA36 BA https://t.co/4dmDY5EU76 Hematkan waktu dan nikmati minuman favoritmu dengan botol minum Zojirushi SM-TA36 BA! Desainnya yang stylish dan tahan lama menjaga minumanmu tetap segar dan hangat dalam setiap kegiatan. https://t.co/w1f2i6Dusq,rekomen_anda
Zojirushi SM-QAF48 VK https://t.co/hv4uyrBAzi Dengan desain vakum ganda menjaga minuman tetap panas atau dingin lebih lama. Dapatkan pengalaman minum yang nyaman dan bebas bocor. https://t.co/fyapkFtdQW,rekomen_anda
Zojirushi SP-HA08 https://t.co/BP7Wkidjxl Desain modern dengan teknologi tahan panas. Nikmati minuman favorit Anda dengan suhu optimal kapan saja dan di mana saja. Dengan kapasitas 500ml botol ini sempurna untuk menjaga kehidupan sehat dan terhidrasi. https://t.co/qNys5flXNg,rekomen_anda
@DeGewoneMens Budget: YumAsia Premium: Zojirushi,dbrbndr
ya Allah moga-moga menang door prize Papaya mana tau bisa dapet Zojirushi rice cooker kan ,catsandkatzen
@masahiryuu Zojirushi eh yam ga liat Tonikawa S2 ?,minase_nayuki
Harga nya ga jauh beda ama Thermos gw mahalan Zojirushi daripada ini,minase_nayuki
@sobresalmiente Yes berburu zojirushi supaya bisa jadi middle class di indonesia,1020_pm
ingin beli multi cooker Zojirushi tapi takut kurang terpakai sama saya ,xoxowantja
ELEKTRIK MULTI 3 PAN / E.MULTI PAN EP-PVQ30 BA ZOJIRUSHI TTV6YBL https://t.co/G4iI5m0TQC https://t.co/2ETWFbZAvg,bergnaumwsg
Nambah koleksi mayan emang lg nyari soup thermos udh cek punya zojirushi mahal bats . Liat ini sepaket lg diskon lgsg co. Jodoh emang ga kemana https://t.co/S9QXXdXFJt,___fikachu
Zojirushi SM-QAF60 Vakumlu Kulplu Termos Bardak 0.60L Mor 525 00TL https://t.co/uQRmcS4THU #indirim #fırsat #SonDakika,firsatdolutr
@RDA________ @tanyakanrl Ah pantes Daewoo di Indonesia juga mahal harganya. Tar coba cari yang harganya agak murah kayak Zojirushi atau lainnya. Han River juga lumayan murah.,TetsukoHimura
merindukan rice cooker zojirushi andalan q,arasimanjuntakk
@minase_nayuki Zojirushi ... si cap gajah,AnimindoNet
Kapan ya punya rice cooker zojirushi,shichijen
Sekarang lebih memilih beli perkakas rumah dibanding beli tas Pengen rice cooker zojirushi ya Allah ,menurgumilar
mulai dari rice cooker zojirushi sampe perintilan lock n lock yg jujur best gift wow siapa mo nikah sini aku hadiahin kontainer dedapuran,alifadj_
@itskyusahi hahah jgn2 zojirushi jir,annsbyshi
＠zojirushi_JPN #ごはんは元気の源,0612Junko
rice cooker uncle roger alias zojirushi. hasil nabung setahun demi nasi putih/merah yang matang sempurna ,omingpu
@ferrdihidayat @fookinfuego @RRDelusi zojirushi paling murah 3jt,_nagininagini
@pikakukeko @fookinfuego @RRDelusi ada zojirushi,_nagininagini
setelah yongma rusak akhirnya memutuskan investasi rice cooker sultan zojirushi karena makan nasi tiap hari jadi musti enaak dong... trus menyesal kenapa ga dari duluu ajeee sejauh itu bedanya ,pusspuspa
@anomdanas Yong Ma the magic in life~~~ mid range lah ini beberapa fungsinya bisa sainhan sama Zojirushi. bisa bikin bubur yogurt sampe jadi slow cooker pancen oye~,wiydiy
@anomdanas Kata temen yg orang jepang merk zojirushi om. Tapi karena aku ga kuat beli aku beli electrolux https://t.co/bGikknfvsP,thearuum
@anomdanas Coba cek Zojirushi om Anom. Reviewnya banyak yg bagus.,pepinpotato
[OPEN PRE-ORDER] Detective Conan x Zojirushi Mahobin - Stainless Bottle (Tumbler) Rp.593.000 DP: Rp.297.000 ⏰ETA: 1-2 bulan setelah rilis Deadline DP/Order: 12 April 2023 pkl. 17.00 WIB ORDER: Chat yuk #POWP0423 #detectiveconan #jastipjepang https://t.co/5ZezvMP2iJ,ProxyWamanda
@tiuwtiw Yg setara l&amp;l dan tupperw*re ada Rubbermaid lionstar (lokal) yg diatas dikit ada thermos zojirushi pyrex (beling jadi agak berat bawanya). Aq pake zojirushi,fatmapuspita
salfok sama zojirushi nya,fourple_
Zojirushi 99915408 Termos Bardak Matara Unisex Mavi 0.48L 683 45TL https://t.co/zkyjrbaHAC #indirim #fırsat #SonDakika,firsatdolutr
@zojirushi_JPN tomodatidukuri!,yumayamazaki1
@racun_beruang Kak zojirushi mahal ya emang?,ambreuliu
@tanyakanrl Buat mau yang ga ribet pake aja merek zojirushi emak gua pake merek ini udah hampir 10 tahunan gapernah basi ga pernah lengket ataupun berkerak,kamubaubanget
Masih lanjut window shopping beberapa hari ini yg dicari masih sama. Thermal lunch box buat ntar Dom bawa bekal sekolah pilihanya ada 3 - Gig (gatau nih made in mana) - Zojirushi (brand Japan kebanyakan yg di Indo made in Thailand) - Thermos (Brand Germany made in Japan) https://t.co/IBOI4pNWvS,blacklist_era
@ciloooow Zojirushi juga sabar kok,ArbhieHanafi
@nimoexacti Beli zojirushi aja mbak ️ whistlist perdapuranku wkwkwkwk. Btw desainnya xiaomi rice cooker cakep bgt mbak cuma performanya aku gatau ,pompompomato
@opposite6892 Wah pake botol Zojirushi,newwnumbr
@AldianElf @novoamor11 @acuteotter @tanyakanrl Aku doa in kakak rejekinya lebih beli zojirushi yg 18jt biar dia kejang2,imajinasiku
ricecooker gue mati total pgn minta beliin zojirushi HAHAHAHAH ngelunjak tabok aj,ebyfuyay
Yuyur lebih pengen zojirushi tapi ini lucu banget. https://t.co/2w4TBsNb62 https://t.co/pT6MWc4meY,junoaggy
@pekerjalab harga segitu mah dapet zojirushi ,StevenKie_
@blacklist_era stanley gedong bgt &amp; just another marketing gimmick mnurutku mending beli zojirushi sbnrnya wkwk,nna
@NoorainDuasa @IniAlalalannn Yup. Kalau bab nasi ni better cari brand Jepun. Mmg puas hati. Mine up skit model dia. Sesuai untuk siapa yg nak kawal sugar intake dia. Brand lain boleh try Panasonic atau Zojirushi. https://t.co/FBvlJUszoi,SaufiZahri
papepun tetap nak zojirushi...,anisyuhadah_
@skinatvelvet Benul kamu tau Stanley gak? Nah termosnya cakep mana bagian luarnya gagampamg kegores Al. Tapi sayangnya thermo food nya wasalam lebih mahal dari Zojirushi Stanley termos dulu aku pake terus ketinggalan di G*car lah akhirnya beli lagi Shuma krn lebih murah.,blacklist_era
@eatchimkin zojirushi kayaknya awet,ahikmatf
@superwuster wow zojirushi nya awet sampai 25 taun??,Isnasson
Bahkan di mimpi w nyiduk nasi dari zojirushi beda rasanya ,smpvtr
@apratikto Pengen saving up money beliin Zojirushi rice cooker buat nyokap.,catsandkatzen
Mengingat2 kemarin bawa ice americano pake zojirushi putih 350ml (mirip ini tp tutupnya beda) tapi kebawa ga ya. Kok ndak ada. Apakah ini pertanda untuk ke JP lagi nyari di Donki *logika gw makin sesat https://t.co/2JBeV2aMi7,PutriPuuch
Beras 5 kiloan biar dianter karena aku wanita lemah~ lemah terhadap diskon wkwk. Sebelum jajan di mol aku beli voucher makanan juga di sini looh.. salah satu best buy ku: botol Zojirushi. Sorry Corkcicle Zojirushi di dadaku https://t.co/JtsY66aCrU,lindri
@syarlothsita @Maccarena21 @FOODFESS2 Kak zojirushi itu apa?,Nelcantik1
Gila corkcicle viral bgt yak. Apa kalian ga tau zojirushi?,purrfectpawson
Btw Zojirushi di oren kok udah ga jual rice cooker sih??? Di ijo juga stoknya tinggal bbrp model doang ,rosiestape
Zojirushi Thermal Serve Carafe Made in Japan 0 6-Liter Herb Brown PLH8Y2S https://t.co/lrdM3uesdH,leannon22qbh
Saat kebutuhan2 dasar manusia belum tercukupi para penguasa malah bikin Ibukota lah masjid lah jalan tol lah stadion lah fly over lah. Itu kayak rumah tangga beli rice cooker merek Zojirushi abis itu gak bisa beli berasnya.,kozirama
@boylebirurun Contigo ve zojirushi daha kaliteli,Fth88081221
Keluarga BPJS Nestle Coba cek ini deh: Zojirushi EB-CC15 Indoor Smokeless Electric Grill Rp4.499.000 di toko Gold Leaf Store Tokopedia. Bisa bebas ongkir lho. https://t.co/aCM5yTLOUu https://t.co/hCcfOIhJmg,ImBankin
pengen punya rice cooker zojirushi ...,ABP2508
@nessiejudge Ketimbang beli Corkcicle aku lebih pilih Zojirushi yang udah tau kualitas barangnya. Panas-dingin bisa awet banget sampe hari besoknya lagi.,dennagania
@thedufresne @aldechan Punya zojirushi 6jam masih panas. Jadi andalan mertua sekarang buat bekel air anget kalau jalan keluar.,Hadiansyah
Nanti bakal ada Club Pengguna Zojirushi bikin acara kumpul-kumpul etc,catuaries
Stoke cups ni best ke? Lagi best dari zojirushi?,dyanna2909
@apathoni @Outstandjing Produk Zojirushi emang bgst harganya.. dulu emak beli tumbler merk itu terus jatoh penyok dikit langsung keringat dingin ,Benikurniawan04
@arpeggiostyle Ga salah pake zojirushi emang enak bgt gaboong,chocofeline
@AgusSaptono @Outstandjing Yongma for life... Zojirushi itu terlalu elit.,umbianakan
poin ketiga sebenarnya sudah mulai terjadi disini. zojirushi vs electrolux vs miyako,alssskey
Karena ini Indonesia 🇮🇩 - memang tidak ada yg mustahil Komunitas Zojirushi Indonesia kegiatannya mungkin Masak Nasi Bareng utk bakti sosial dsb,Outstandjing
@Outstandjing Jangan-jangan ntar lagi ada Zojirushi club Indonesia ,Goestono
@ngalamfess mungkin bisa coba merk thermos zojirushi atau LocknLock nder.,saltedEgg_
Zojirushi SV-GR50 NL Vacuum Bottle Termos Air Panas - Gold [500 mL] Rating : 5 0 Cek Harga : https://t.co/aVfyS7Ub1H https://t.co/5UXXsy1ozn,RatjoenBelanja
@hello_its_an_ Coba beli merk yang zojirushi itu Kak. Dia pioneernya sih. Di Indo setauku udah ada dia cuma ya itu agak pricey ,hikari228__
@hello_its_an_ Waktu di Jepang pernah pake Kak. Tapi merknya zojirushi. Ini mirip2 modelan begitu keknya. Bikim pulen sih kalo merk yg zojirushi. Klo merk ini kurang tauuuu,hikari228__
@MillieParfait Zojirushi fuiyoooh,Kizaragi_ren
rice cookernya zojirushi kah?,kosvka
Cita-cita ku adalah punya rice cooker zojirushi ,ShizunNoticeMe
@sloppypoppy zojirushi banget yang dibagiin? wqwqwq,viscverity
@nblnndf itu aku misalnya aja Zojirushi. gmn yg murah bisa dapet berapa banyak coba emang ngadi2 anggarannya ,sloppypoppy
Zojirushi rice cooker 3 juta x 1.000 orang = 3M. 1.000 orang lho. emang ada brp yg mau dikasih rice cooker?? merk lain juga banyak yg lebih murah. 300M buat apaaaa??? https://t.co/rDIeKhPEAk,sloppypoppy
@jiwaxa001 @estminami @sailoreast Cobain merk Thermos sama Zojirushi donk nder. Kyanya bagus nanti kasih tau impresi nya gimana. Ane punya tempat bekal Zojirushi puas banget makenya cuma tumblernya ga punya ,Ilham_noor89
@APLeng92 gw pgn termos tapi ga pgn bentuknya termosss tertarik bgt cc kyknya dia tuh mahal krn masuk indonesia bukan resmi tp pake distributor (kyk ibox) gitu deh? di sg lebih murah gak si jeng? kalo liat ketahanannya malah lebih tahan lama dari thermos/zojirushi menaariquee skaliii,anisabellab
tbvh pgn nyalahin zojirushi jg dia fungsional &amp; quality nya bgtbgt tapi design botolnya ga se eyecatching si cc. super simple jadi orang2 kurang interest. tapi karena aku bias sama brand zojirushi dari awal yaaa pasti ttp nyaranin brand ini sik ,takoyyyaki
@52HertzDugong @sailoreast Zojirushi padahal jauh lebih bagus ,crenatarhea
Di JFK lounge nunggu pesawat ada toko souvenir. : eh ada jual corkcircle Gw: : itu lho tumbler yg hits anak escebede Gw: Baru skrng ngeh ooooh biasa aja. Andalanque cuma zojirushi. ,PutriPuuch
@52HertzDugong @kecolokeskrim @sailoreast Zojirushi gak ada lawan sih waktu beli maju mundur karena lumayan harganya tapi sampe sekarang masih dipake anaknya buat bekal sekolah. Dari jaman mpasi sampai sekarang kelas 4 sd ,iikesyu
@52HertzDugong @kecolokeskrim @sailoreast Zojirushi endulita sihhh,plispakemasker
@kecolokeskrim @sailoreast Range 100 - 200rban ada babysafe sugarbaby shuma 200-500rban ada merk nuby thermos skiphop beabe bbox 500rb ++ zojirushi dkk Aku sdiri pk merk nuby &amp; skip hop 350rban tahan panas/dingin seharian (6-8 jam lah optimal) udah cukup untuk kebutuhan baby mpasi kl menurut ku.,52HertzDugong
@falla_adinda gue pake ZOJIRUSHI 24 jam masih panas 24 jam masih dingin,ramadhyanto
@ichimolsss @falla_adinda wuah enak bgt zojirushi gretong ,raknduwekonco
pada salty-in corkcicle tapi klo diliat harganya ternyata mirip sm thermos/ zojirushi kokkk apa karena viral tiktok? wkwkwkw,anisabellab
@badgalkeshie beli zojirushi kesh wkwkwkwk https://t.co/W8q70cNY6F,thespicydip
@txtfrombrand @YonusaL gue beli termos dari anak pertama gue belum lahir merknya zojirushi harganya 400 ribu udah 2 tahun lebih umurnya sampe sekarang masih tahan panasnya hingga 24 jam,ramadhyanto
Lebih mahal dari Thermos atau Zojirushi ,tswidarto
@madenkijima @kimberslayyyx @ko2w Ada merk zebra termos sama yg jepang tuh Zojirushi apa ya bagus jg,bekasemkepayang
@tidaksemampai Saya beda ngarep kotak makan &amp; botol rusak biar bs beli baru....unless it's zojirushi or thermos which are super expensive ,bearygie
@gagahtp Iyah aku jg br tau ini kalo ada tumblernya. Coba search zojirushi tumbler di twitter terus scroll2 aja haha banyak bgt testimoninya haha,Lqrqs
@Lqrqs Ku taunya zojirushi rice cooker,gagahtp
Katanya tumbler zojirushi bagus bgt. Ngisi air anget malem pagi masih anget. Tp kok ga ngetren ya. Apa karena desainnya biasa aja. Harga 11-12 sm sbucka dan corcieircle,Lqrqs
@brryenlq @tanyakanrl Mjb aku punya merk Zojirushi kak bisa tahan sampe 12jam. Kadang ak masukin ice cube dr pagi jam 8an. Ntar jam 4sore tu masih ada es batunya. Pdhl ya di refill air biasa terus2an.,GOBLOhajima
@neptunianlady_ Laaad beli Zojirushi bae dwk ga nempel sama sekali,desydesy
MNG... ZOJIRUSHI NW-SA10 https://t.co/5g5NJ5OUIQ,fk_fukufuku
Ada yang punya pengalaman sama rice cooker sultan ? Worth it ga sih ? Macam zojirushi atau Tiger atau cuckoo ?,maitrikarunar
Cek Zojirushi citrid acid pembersih kerak termos dengan harga Rp97.000. Dapatkan di Shopee sekarang! https://t.co/sW2qhIIIYI https://t.co/ExyFBJA2Qt,BundaBundalies
@collegemenfess Selama rice cooker lu bukan merk Zojirushi kerak akan selalu ada.,edicahyo
@davidbimantoro Kalau menurut gw si corcicle tahan panasnya mirip2 locknlock..top bgt msh zojirushi sama thermos,odeAnjani
@anugrahrezkita Zojirushi adalah koentji https://t.co/Xzy8Vbc1O1,rifyalka
@asumsico Tim Thermos &amp; Zojirushi Zoji 24 jam es batu masih ada. https://t.co/TME5X5bDGB,Iqbalte
Tetap Zojirushi paling istimewa open PO Zojirushi masih bisa ya di IG @jatisokindo ,npmjpn
alhamdulilla tiada sekalipun pernah kehilangan tutup botol minum/dimarahin emak karena nga koleksi tupperware lagi. sekian review dari penggiat botol minum tahan banting kalo nanti ada yang mau endorse pls aq penasaran pengen cobain termos pikniknya zojirushi. ,smpvtr
@arinaristia @nyet_nyetz @asumsico Dr pengalaman masih awetan Zojirushi tp modelnya gitu2 aja. Lbh mahal lg,alpian
@asumsico Zojirushi cuma senyum senyum aja... ,fajar_postman
@nyet_nyetz @asumsico yess setuju vacuum bottle zojirushi andalan ku juga buat bawa air panas untuk susu anak anak skrg lg nabung pengen rice cookernya,cluumsymum
@asumsico nyet kasi tau. bagusan zojirushi. aer panas bisa tahan 24 jam masih anget. 18 jam gitu masih panas. ini kondisi tumbler udh 10 thn lebih,nyet_nyetz
Baru tau rice cooker zojirushi harganya 12 juta kirain merek china ,dyhksss
@nadyanisakh @FFOODFESS Zojirushi..bole dicoba..,thewayouseeme
#SobatMAG yuk buruan mampir ke @zojirushiindonesia MAG!! Karna rice cookernya lagi diskon loh!!! Swipeleft ya untuk liat diskonnya!!! Zojirushi Mal Artha Gading (lantai Dasar) https://t.co/pUblejDRXY,malarthagading
Lagi liat-liat review rice cooker zojirushi terus nemu review ini. Punya 2 bun 1 untuk nasi merah dan 1 untuk nasi putih. Kaum mendang mending syok ga liat ini. https://t.co/3sxcCRH71e,nitia_a
ngga ada yg pake zojirushi kah?,ndieraa
@svmmerhill Wajar cosmos. Bukan Zojirushi.,edicahyo
@pengwinningg Zojirushi juga bagusss,elmochocochip
@noviantiekasari Kalo ke jepang lg aing nitip zojirushi lagi yak,bapakayammmm
@shandya @ajiwar +1 buat zojirushi,farislmn
Memang kalau urusan tanak menanak nasi Zojirushi tiada tanding. Tanak batu juga bisa pulen kali,marissaputri
Tupperware &gt;&gt;Tumbler Starbucks&gt;&gt;Corkcicle &gt;&gt;Lund London Halah halah~~ klo sobat wedang sih in Thermos &amp; Zojirushi we trust.,NabilahQR
@hensannia @tvkangjualzoom @noverindaintan Zojirushi apa itu gaes?,krkkirana
@Jengsuchan tpi kyknya beda merk beda bahan wadahnya deh.. aku pkenya zojirushi ,joceturu
@pastraweed @FOOD_FESS Setuju. Dulu waktu mau beli rice cooker aku sampe bikin excelnya dari segala merek rice cooker dibaca satu-satu manual booknya dilist fitur2 dan +/-nya . Akhirnya beli cuckoo 2nd best setelah zojirushi. Puas banget.,nynov
@hypersolar @txtfrombrand bener banget ampun kak zojirushi lebih mahal 100rb pula wkwkwk,junkienjoy
Tumbler corkcicle vs zojirushi. Ini klo sampe ketinggalan atau ilang apa ga nanges gerung2 ,setyanindhita
@txtfrombrand Mahal juga ya. Kalau harga segitu sekalian aja Zojirushi.,hypersolar
Zojirushi NS-RPC10FJ #Rice #Cooker and #Warmer 5.5-Cup (Un#Cooked) Tulip https://t.co/7WhkqtqtD8 https://t.co/gCevU1aeI6,RogelioZayne
Ngeliat lunch jar nya zojirushi menarik tapi nangis aja sama harganya,ehanehaneh
@promagnised Eh seriusan Gin? Wkwk gila juga ya Lock&amp;lock. Aku baru tau ada merk Corkcicle wkwk taunya cuman Thermos sama Zojirushi. Dan aku kira Zojirushi udh paling mahal ternyata masih ada Corkcicle eh eh aku googling lagi diatas corkcicle masih ada Brumate dan Yeti ,mutiaashmars
Botol minum ternyata ada kastanya :( Biasa pake yg dapet dari suvenir nikahan. Sekalinya dikasih sodara merk zojirushi &amp; typo kok panasnya tahan 12 jam lebih cek2 harganya jadi sedih :( padahal pengen punya warna lain.,bluechestnut_
@__atgen Ada gents oxone Zojirushi juga ada sih,bayuajiwr
Pengen jadi ibu-ibu sosialita zojirushi setelah jadi mba-mba kantoran corkcircle,mayahihuheho
Rice cooker tu yg bagus zojirushi atau russelhobbs ya,fitriisugianti
@hrdbacot team zojirushi wkwkw,angginugraha
aku baru tau corkcircle itu tumbler elit. aku cuma tau merk tumbler elit itu seperti zojirushi thermos (ori japan) hydro flask nalgene tumbler starbucks,seishunpower
ngomongin tumbler mahal kok kek aneh gitu sih. dr zaman wa masih mudaan dl punya merk Zojirushi biasa aja sih cm wow larang gitu doang. tp sepadan dng kualitasnya belasan tahun ga rusak. sekarang hilang dicolong tukang yg benerin rumah. jancok emang tukang tahu barang bagus,welly_ph
@NonaMaya222 @noe_roelz Kalo emg butuh termos ya beli Thermos ato zojirushi sekalian,lacheriebon
Kalian gaada yg pake Zojirushi???? Kok bisaa??? ;(((,wahyuutomos
@yuriestax Agree. Gak semahal zojirushi tp udh bagus pun.,lacheriebon
Top 5 brand tempat minum Insulated terbaik menurut gue : 1. YETI 2. Zojirushi SM-TA36 3. Thermos One Push 4. Hydro Flask Trail Series 5. Contigo Snapseal,Ciel_duke
@keicinantya Zojirushi keii tp harganya phillips jg okee yg ini nih ga mahal2 bgt https://t.co/HeUM1xOZHK,ms_morninggstar
@keicinantya Tefal rk814565 nasi pulen ga lengket wangi.. atau ga zojirushi wakakak,RatihNurmala
@keicinantya Kalau buat nasi doang mah Yong Ma sama Philips udah oke. Kalau mau multifungsi mending sekalian Zojirushi tapi ya mahal betul.,fakeoaktree
@WulanMega Zojirushi aja kak. Makanan tetap hangat (nasi hangat kuah jg hangat),guavander
mamak aku ke jepang mau belik rice cooker zojirushi WKWKWK CEMANAAAAA ((maruk behavior)),hiilleekkk
Anak kos sultan sih ini. Bahannya ga ada yang instan. Rice cookernya kayaknya zojirushi juga. Anak kos kizmin melipir dulu ,ohippu
@TAKAHIISA Udah mah vpower tengki mobilnya bisa isi segitu dia mampu bayar lg as in pasti minta penuhin aja kan ga ngisi sekian-ribu doang??? Wadefakk Out of touch bgt dah same energy sama yg waktu itu post middle class routine tp pake zojirushi &amp; thermomix wkkww,sacchanxd
@ayara_fh Yesss ketemu sobat zojirushi ,yuska77
Zojirushi ga mau bayar gw untuk jd buzzer apa ya?,yuska77
@sitilempung apa mau saya kirimkan produk zojirushi kak,staren_moon
gaya hidup middle class masak dengan gadget dan mejikom zojirushi https://t.co/xGjrgXVn4g,helloleya
@racyreds Yakeles midelklas rice cookernya Zojirushi,AnggaJe
@Arofanti Haha tp iya yg pernah pake zojirushi pada bilang worth it. Lumayan kalau beli pulang ke Indo bisa ngaku-ngaku udah kaya.,giaferdi
@ininds Tolong ya itu ricecookernya aja zojirushi kaum yongma miyako minggir dulu,sanaitsile
@mbakeyaa @Voktavia middle class rice cookernya zojirushi wkwk apala aqu yang cuma miyako mini biru putih,ndaaanr
Middle class naon anying itu rice cookernya aja zojirushi,richshiningsolo
wkwkwk bukan yg pake thermomix ama zojirushi yaaach,betilars
Yaa dari thermomix zojirushi espresso machine resto apalah itu dsb aja udah ketahuan ga siy pengeluaran doski pasti lebi dari 6 jeti sebulan. Upper middle class aja lewattt.~~,Svarnadiputera
@wincooperation @tatarsundal Rasional si middle class ga mgkin zojirushi jg rice cookernya sementara yongma atau philips aja lebih dr cukup. Kulkas 2 pintu yg ga pakai fitur tok2 dan makan oyster hanya pas all you can eat buffet.,glowtweets
Agak insensitif banget tuh yg bikin konten middle class life di Jakarta . ....gue pengen ngegas. RICE COOKER LO ZOJIRUSHI ANYING! MAKAN MALEM LO OYSTERS DAH! LO PUNYA ESPRESSO MACHINE! SATU2NYA BARANG MIDDLE CLASS LO CUMAN SABUN SCARLETT!,batarayama
middle class tapi punya zojirushi aja udah aneh,lycorisghoul
@kleponwajik @zhafara88 @catchmeupid Rice cooker pake zojirushi punya mesin espresso sendiri punya thermomix sarapan cukup mewah. Yakin pengeluarannya kurang dari 6 juta?,MikaAngeelo
middle class mana anj pke zojirushi sm thermomix bikin emosi aje,babyminhyung
@tatarsundal magic jar nya Zojirushi aja udah ga mgkn middle class. silahkan cari tau sendiri harga magic jar zojirushi yg jepang punya wkwkwk..,SWardhani
middle class macem apa ya reskukernya zojirushi,CAPPUCINTH0T
@engkitsurya Midle class apaam yg rice cookernya zojirushi udah ada yg bikin bandingannya tu wkkwkwk,harizaka
@kokohnutz Bwat beli zojirushi dan kulkas yang kalo diketok jadi tembus pandang?,Maxthenightowl
Ini mah bukan mid class itu ecovac sama zojirushi aja berapa juta udahan,widya_lukita
Middle class tapi rice cookernya zojirushi taiiii,ddeonghwa98
@bawango Kurang mesin espresso robot vacuum cleaner sama rice cooker zojirushi wkwk,dibawah2derajat
Middle class mejikomnya zojirushi bgsd w pukul lu...,nergigantiaw
@meydsss Ya balik lg si Mey the world is so much more than her circle. Kontennya jadi tone deaf kalo dibandingin sama yang beneran ada di majority of the population. Masih sebel rice cookernya Zojirushi btw ,AmmarshaR
@RizkyDS_ langsung melek ni mata ketika lihat zojirushi rice cooker itu jutaan cuuuy ,lukmanha__kim
Ga ada middle class masak nasi pake Zojirushi semua pake Miyako ya anjing ,msneuvillette
middle class mana ada yang ricecookernya zojirushi njeng,ewlyu
Middle class pake robot kalo nyapu middle class rice cookernya zojirushi. Mau dihujat apalagi claim diri middle class?,bridhitaputri
Mengenai huru-hara middle class ternyata warga kelas menengah di Indonesia diklasifikasikan sebagai individu yang penghasilannya 1 2 s.d. 6 juta rupiah sebulan. Jadi tentu kaga bisa beli Zojirushi. Kasian si ncinya kena backlash padahal sarkas wkwk kurang pake tanda kutip,lordachlys
Middle class tu pakenya YongMa bukan zojirushi!,chicnlit
@tatarsundal Mid class magic com nya zojirushi?? Hahaa ngakak ini sih,akhmad_barkah
middle class apaan itu mejikomnya aja zojirushi bukan miyako ,ujibaragi
Lagian middle class mana sih yg pake magic com zojirushi. Aku yang pake cosmos mana mungkin relate.,nuurhyt
MID CLASS MANA YG PAKE THERMOMIX SAMA ZOJIRUSHI BGSD,MighthyChar
Ngaku-ngaku working class tapi rice cooker aku sudah zojirushi wkwkwkwkwkwkwkwkwkwk dahlah.,100playforkeeps
Wkwkkwkwkwkw udah gt rice cookernya zojirushi :),meilindadc
bisa bisanya ngaku middle class tapi rice cooker zojirushi food blender thermomix multi function cooker russell hobbs,bayuajiwr
Middle class tp magicjar zojirushi harusnya miyako motif batik ,dikamraihan
Mungkin kalau gak perlu bayar SPP anak aku bisa afford Zojirushi rice cooker :p,adekumala
@rissonn Mana ada middle class rice cookernya Zojirushi. 10 jutaan coy!,itshalstage
@LiongkyTan Coba... Org pengeluaran max 6 jt sebulan kebeli ga tuh thermomix ama zojirushi dicicil gitu... Kayanya ga kepikiran deh. Paling mentok ya philips https://t.co/P8xMqYTfUY,camaraderie693
@GabbyLaupa Trus br sadar kl gue selalu campur air + jungkirbalikin botol . Lalu gue kaum apa class? Middle class pake zojirushi okedeh,diideehutami
middle class tp ricecookernya zojirushi ,0430Dila
Sudah berkali kali aku bilang termos zojirushi kita itu berharga @deadasdream,summertinn
@oreominhee Make zojirushi keur nyieun sangu ge geus mahils eta kuduna make miyako,dwikyabdullah
Anjay middle class apaan begini rice cookernya zojirushi ,zarasejj
middle class mana yg rice cookernya zojirushi,peurih_
@tatarsundal Middle class tapi Zojirushi.. miyako biru ku tertawa ,Awanse_
Ngga punya air fryer apalagi thermomix Cuma pengen ganti rice cooker jadi zojirushi biar kalo mateng ada lagunya Xiaomi gw juga ada lagunya tapi kurang merdu ,chitnoey
mana ada middle class jekardah masak nasi pake zojirushi masak sop pake slowcook russel hobbss air purifier nya ecovac sarapan nya sarang burung middle class nya liat dari middle bagian mana sih................,odiliamaryke
@ndrer Apakah iya Bapak kelas menengah sejati? Merek penanak nasinya bukan Zojirushi kan,bapakguru
@RizkyDS_ Wkwkwkwk middle class rice cookernya YongMa bukan Zojirushi,debssii
